Cluster ID,Resource ID,Resource Name,Account Name,Account Identifier,ClusterRole,FailoverOrder,Last Seen,Engine,Instance Type - Current,Instance Family - Current,Storage Type - Current,Idle,Hours Running,CPU Max,Memory Max,IOPS Max,Storage Throughput Max,Connections Max,Currency Code,Effective Rate - Current,Cost,Recommendation,Instance Recommendation,Instance Type - Recommended,Instance Family - Recommended,Storage Recommendation,Storage Type - Recommended,VCPU - Current,VCPU - Recommended,Memory - Current,Memory - Recommended,IOPS - Current,IOPS - Recommended,Storage - Current,Storage - Recommended,Storage Throughput - Current,Storage Throughput - Recommended,Previous Generation - Recommended,Equivalent Family - Recommended,Equivalent Memory - Recommended,Risk,Effective Rate - Recommended,Savings,Savings Percent,ACC-FDC-DIV,ACC-FDC-ENV,ACC-FDC-ENV2,ACC-FDC-MONTHLY-BUDGET,ACC-FDC-UAID,ACC-FDC-UAID2,ACC-FDC-nodepartment-thisiszone,ACC:FDC:DEPARTMENT,ADS-AWS-TEST-environments,ADS-K8S-TEST-F2NI2LE,APMID,APP-APM-LABEL,AppName,Application UID,Azure Resource Group,Business Unit,DIVISION,FNX Environment ID,Name,Purpose,UAID,argocd-instances,Export Order
clx-prod-fraudvas-db-west,arn:aws:rds:us-west-2:675440017561:db:clx-prod-fraudvas-db-west-instance-3,clx-prod-fraudvas-db-west-instance-3,FDAWS BusinessTrack Prod,675440017561,Writer,0,2025-06-03T21:00:00Z,Aurora MySQL,db.r5.16xlarge,r5,aurora,95,694.00,5,83,15031,4475,130,USD,7.33,5087.85,Rightsize,Rightsize,db.x2g.8xlarge,x2g,,,64.00000,32.00000,512.00000,512.00000,0,N/A,0,N/A,N/A,9000,false,false,true,0.00,4.77,1780.75,35.00,,prod,prod,500,uaid-02135,uaid-02135,,gbs - rocco,,,,,,,,,gbs - rocco,,,,,,1
N/A,arn:aws:rds:us-east-1:876055497336:db:master-secure-vpc,master-secure-vpc,Gyft Production,876055497336,Instance,,2025-06-03T21:00:00Z,MySQL,db.r5.4xlarge,r5,io1,0,694.00,47,85,530079,113568,857,USD,3.03,2967.81,Rightsize,Rightsize,db.x2g.2xlarge,x2g,Rightsize,gp3,16.00000,8.00000,128.00000,128.00000,5000,12000,666,666,3500,4750,false,false,true,0.00,2.06,1349.45,46.00,,prod,prod,43500,uaid-05824,uaid-05824,,nss,,,,,,,,,nss,,,,,,2
clx-prod-fraudvas-db-cluster-1,arn:aws:rds:us-east-1:675440017561:db:clx-prod-fraudvas-db-instance-1,clx-prod-fraudvas-db-instance-1,FDAWS BusinessTrack Prod,675440017561,Reader,1,2025-06-03T21:00:00Z,Aurora MySQL,db.r5.4xlarge,r5,aurora,100,694.00,21,82,28898,3788,0,USD,1.83,1271.96,Terminate,Terminate,db.r5.4xlarge,r5,,,16.00000,16.00000,128.00000,128.00000,0,N/A,0,N/A,3500,3500,false,true,true,0.00,1.83,1271.96,100.00,,prod,prod,500,uaid-02135,uaid-02135,,gbs - rocco,,,,,,,,,gbs - rocco,,,,,,3
clx-prod-fraudvas-db-cluster-1,arn:aws:rds:us-east-1:675440017561:db:clx-prod-fraudvas-db-instance-1-us-east-1a,clx-prod-fraudvas-db-instance-1-us-east-1a,FDAWS BusinessTrack Prod,675440017561,Reader,1,2025-06-03T21:00:00Z,Aurora MySQL,db.r5.4xlarge,r5,aurora,100,694.00,23,82,30603,4011,0,USD,1.83,1271.96,Terminate,Terminate,db.r5.4xlarge,r5,,,16.00000,16.00000,128.00000,128.00000,0,N/A,0,N/A,3500,3500,false,true,true,0.00,1.83,1271.96,100.00,,prod,prod,500,uaid-02135,uaid-02135,,gbs - rocco,,,,,,,,,gbs - rocco,,,,,,4
N/A,arn:aws:rds:us-east-1:876055497336:db:master-secure-replica-vpc,master-secure-replica-vpc,Gyft Production,876055497336,Instance,,2025-06-03T21:00:00Z,MySQL,db.r5.2xlarge,r5,io1,0,694.00,15,85,267000,54996,29,USD,1.52,1976.89,Rightsize,Rightsize,db.x2g.xlarge,x2g,Rightsize,gp2,8.00000,4.00000,64.00000,64.00000,5000,3000,1000,1000,3500,4750,false,false,true,0.00,1.03,1091.90,55.00,,prod,prod,43500,uaid-05824,uaid-05824,,nss,,,,,,,,,nss,,,,,,5
wgiftcard-aurora-test-cluster,arn:aws:rds:us-east-1:958612202038:db:wgiftcard-aurora-test,wgiftcard-aurora-test,FDAWS Gift Solutions - Prod,958612202038,Reader (Failover),1,2025-06-03T22:00:00Z,Aurora MySQL,db.r5.8xlarge,r5,aurora,94,694.00,5,80,3320,435,185,USD,3.67,2543.93,Rightsize,Rightsize,db.x2g.4xlarge,x2g,,,32.00000,16.00000,256.00000,256.00000,0,N/A,0,N/A,N/A,4750,false,false,true,0.00,2.38,890.37,35.00,,prod,prod,49200,uaid-05823,uaid-05823,,nss,,,,,,,,,nss,,,,,,6
wgiftcard-aurora-test-cluster,arn:aws:rds:us-east-1:958612202038:db:wgiftcard-aurora-test-us-east-1e,wgiftcard-aurora-test-us-east-1e,FDAWS Gift Solutions - Prod,958612202038,Writer,1,2025-06-03T22:00:00Z,Aurora MySQL,db.r5.8xlarge,r5,aurora,6,694.00,9,85,191395,15477,185,USD,3.67,2543.93,Rightsize,Rightsize,db.x2g.4xlarge,x2g,,,32.00000,16.00000,256.00000,256.00000,0,N/A,0,N/A,N/A,4750,false,false,true,0.00,2.38,890.37,35.00,,prod,prod,49200,uaid-05823,uaid-05823,,nss,,,,,,,,,nss,,,,,,7
t3-proddb-backup-100724-cluster,arn:aws:rds:us-east-1:117054633658:db:t3-proddb-backup-100724,t3-proddb-backup-100724,fdaws-emv-certification-prod,117054633658,Writer,1,2025-06-03T21:00:00Z,Aurora PostgreSQL,db.r5.2xlarge,r5,aurora,100,694.00,17,75,348,1,0,USD,0.92,635.98,Terminate,Terminate,db.r5.2xlarge,r5,,,8.00000,8.00000,64.00000,64.00000,0,N/A,0,N/A,3500,3500,false,true,true,0.00,0.92,635.98,100.00,,prod,prod,500,uaid-06331,uaid-06331,,gbs,,,,,,,,,gbs,,,,,,8
bts-prod-merchant-db-east-global-cluster-1,arn:aws:rds:us-east-1:675440017561:db:bts-prod-merchant-db-east-global-instance-1,bts-prod-merchant-db-east-global-instance-1,FDAWS BusinessTrack Prod,675440017561,Reader,1,2025-06-03T21:00:00Z,Aurora MySQL,db.r5.12xlarge,r5,aurora,60,694.00,3,81,32,4,133,USD,5.50,3815.89,Rightsize,Rightsize,db.x2g.8xlarge,x2g,,,48.00000,32.00000,384.00000,512.00000,0,N/A,0,N/A,7000,9000,false,false,true,0.00,4.77,508.79,13.00,,prod,prod,500,uaid-02135,uaid-02135,,gbs - rocco,,,,,,,,,gbs - rocco,,,,,,9
clx-prod-fraudvas-db-west,arn:aws:rds:us-west-2:675440017561:db:clx-prod-fraudvas-db-west-instance-1,clx-prod-fraudvas-db-west-instance-1,FDAWS BusinessTrack Prod,675440017561,Reader (Failover),1,2025-06-03T21:00:00Z,Aurora MySQL,db.r5.12xlarge,r5,aurora,0,694.00,23,82,98913,12965,130,USD,5.50,3815.89,Rightsize,Rightsize,db.x2g.8xlarge,x2g,,,48.00000,32.00000,384.00000,512.00000,0,N/A,0,N/A,7000,9000,false,false,true,0.00,4.77,508.79,13.00,,prod,prod,500,uaid-02135,uaid-02135,,gbs - rocco,,,,,,,,,gbs - rocco,,,,,,10
prod-miam-aurora-db-globaldb-instance-1-cluster-1,arn:aws:rds:us-east-1:889549232637:db:prod-miam-aurora-db-globaldb-instance-1,prod-miam-aurora-db-globaldb-instance-1,FDAWS Merchant IAM Prod,889549232637,Reader,1,2025-06-03T21:00:00Z,Aurora MySQL,db.r5.4xlarge,r5,aurora,27,694.00,9,83,5322,698,225,USD,1.83,1271.96,Rightsize,Rightsize,db.x2g.2xlarge,x2g,,,16.00000,8.00000,128.00000,128.00000,0,N/A,0,N/A,3500,4750,false,false,true,0.00,1.19,445.19,35.00,,prod,prod,500,uaid-05652,uaid-05652,,gbs - rocco,,,,,,,,,gbs - rocco,,,,,,11
prod-miam-aurora-db-globaldb-instance-1-cluster-1,arn:aws:rds:us-east-1:889549232637:db:prod-miam-aurora-db-globaldb-instance-2,prod-miam-aurora-db-globaldb-instance-2,FDAWS Merchant IAM Prod,889549232637,Reader,1,2025-06-03T21:00:00Z,Aurora MySQL,db.r5.4xlarge,r5,aurora,17,694.00,8,83,5351,701,225,USD,1.83,1271.96,Rightsize,Rightsize,db.x2g.2xlarge,x2g,,,16.00000,8.00000,128.00000,128.00000,0,N/A,0,N/A,3500,4750,false,false,true,0.00,1.19,445.19,35.00,,prod,prod,500,uaid-05652,uaid-05652,,gbs - rocco,,,,,,,,,gbs - rocco,,,,,,12
clx-prod-fraudvas-db-west,arn:aws:rds:us-west-2:675440017561:db:clx-prod-fraudvas-db-west-instance-2,clx-prod-fraudvas-db-west-instance-2,FDAWS BusinessTrack Prod,675440017561,Reader,1,2025-06-03T21:00:00Z,Aurora MySQL,db.r5.4xlarge,r5,aurora,0,694.00,38,100,33267,4360,130,USD,1.83,1271.96,Rightsize,Rightsize,db.x2g.2xlarge,x2g,,,16.00000,8.00000,128.00000,128.00000,0,N/A,0,N/A,3500,4750,false,false,true,0.00,1.19,445.19,35.00,,prod,prod,500,uaid-02135,uaid-02135,,gbs - rocco,,,,,,,,,gbs - rocco,,,,,,13
prod-miam-aurora-db-globaldb-instance-1-cluster,arn:aws:rds:us-west-2:889549232637:db:prod-miam-aurora-db-globaldb-instance-1,prod-miam-aurora-db-globaldb-instance-1,FDAWS Merchant IAM Prod,889549232637,Reader (Failover),1,2025-06-03T21:00:00Z,Aurora MySQL,db.r5.4xlarge,r5,aurora,96,694.00,8,80,15,2,605,USD,1.83,1271.96,Rightsize,Rightsize,db.x2g.2xlarge,x2g,,,16.00000,8.00000,128.00000,128.00000,0,N/A,0,N/A,3500,4750,false,false,true,0.00,1.19,445.19,35.00,,prod,prod,500,uaid-05652,uaid-05652,,gbs - rocco,,,,,,,,,gbs - rocco,,,,,,14
prod-miam-aurora-db-globaldb-instance-1-cluster,arn:aws:rds:us-west-2:889549232637:db:prod-miam-aurora-db-globaldb-instance-2,prod-miam-aurora-db-globaldb-instance-2,FDAWS Merchant IAM Prod,889549232637,Writer,1,2025-06-03T21:00:00Z,Aurora MySQL,db.r5.4xlarge,r5,aurora,0,694.00,36,87,160661,12595,605,USD,1.83,1271.96,Rightsize,Rightsize,db.x2g.2xlarge,x2g,,,16.00000,8.00000,128.00000,128.00000,0,N/A,0,N/A,3500,4750,false,false,true,0.00,1.19,445.19,35.00,,prod,prod,500,uaid-05652,uaid-05652,,gbs - rocco,,,,,,,,,gbs - rocco,,,,,,15
prod-miam-aurora-db-globaldb-instance-1-cluster,arn:aws:rds:us-west-2:889549232637:db:prod-miam-aurora-db-globaldb-instance-3,prod-miam-aurora-db-globaldb-instance-3,FDAWS Merchant IAM Prod,889549232637,Reader (Failover),1,2025-06-03T21:00:00Z,Aurora MySQL,db.r5.4xlarge,r5,aurora,95,694.00,9,80,13,2,605,USD,1.83,1271.96,Rightsize,Rightsize,db.x2g.2xlarge,x2g,,,16.00000,8.00000,128.00000,128.00000,0,N/A,0,N/A,3500,4750,false,false,true,0.00,1.19,445.19,35.00,,prod,prod,500,uaid-05652,uaid-05652,,gbs - rocco,,,,,,,,,gbs - rocco,,,,,,16
N/A,arn:aws:rds:us-east-1:876055497336:db:db02-vpc,db02-vpc,Gyft Production,876055497336,Instance,,2025-06-03T21:00:00Z,MySQL,db.t3.small,t3,io1,100,694.00,6,50,572,29,0,USD,0.03,434.55,Terminate,Terminate,db.t3.small,t3,Terminate,io1,0.40000,0.40000,2.00000,2.00000,5000,5000,500,500,2085,2085,false,true,true,0.00,0.03,434.55,100.00,,prod,prod,43500,uaid-05824,uaid-05824,,nss,,,,,,,,,nss,,,,,,17
wgiftcard-aurora-eu-cluster,arn:aws:rds:eu-west-1:958612202038:db:wgiftcard-aurora-eu-eu-west-1b,wgiftcard-aurora-eu-eu-west-1b,FDAWS Gift Solutions - Prod,958612202038,Writer,1,2025-06-03T21:00:00Z,Aurora MySQL,db.r5.4xlarge,r5,aurora,0,694.00,16,87,11610,313,59,USD,2.02,1403.55,Rightsize,Rightsize,db.x2g.2xlarge,x2g,,,16.00000,8.00000,128.00000,128.00000,0,N/A,0,N/A,3500,4750,false,false,true,0.00,1.40,429.84,31.00,,prod,prod,49200,uaid-05823,uaid-05823,,nss,,,,,,,,,nss,,,,,,18
wgiftcard-aurora-eu-cluster,arn:aws:rds:eu-west-1:958612202038:db:wgiftcard-aurora-eu-eu-west-1c,wgiftcard-aurora-eu-eu-west-1c,FDAWS Gift Solutions - Prod,958612202038,Reader (Failover),1,2025-06-03T21:00:00Z,Aurora MySQL,db.r5.4xlarge,r5,aurora,0,694.00,13,84,5105,669,59,USD,2.02,1403.55,Rightsize,Rightsize,db.x2g.2xlarge,x2g,,,16.00000,8.00000,128.00000,128.00000,0,N/A,0,N/A,3500,4750,false,false,true,0.00,1.40,429.84,31.00,,prod,prod,49200,uaid-05823,uaid-05823,,nss,,,,,,,,,nss,,,,,,19
N/A,arn:aws:rds:us-east-1:675440017561:db:bts-prod-kong-east,bts-prod-kong-east,FDAWS BusinessTrack Prod,675440017561,Instance,,2025-06-03T21:00:00Z,PostgreSQL,db.m5.xlarge,m5,io1,0,694.00,24,37,759,933,97,USD,0.56,556.72,Rightsize,Rightsize,db.m6g.large,m6g,Rightsize,gp2,4.00000,2.00000,16.00000,8.00000,1000,300,100,100,2120,4750,false,false,false,0.00,0.25,365.37,66.00,,prod,prod,500,uaid-02135,uaid-02135,,gbs - rocco,,,,,,,,,gbs - rocco,,,,,,20
N/A,arn:aws:rds:us-west-2:675440017561:db:bts-prod-kong-west,bts-prod-kong-west,FDAWS BusinessTrack Prod,675440017561,Instance,,2025-06-03T21:00:00Z,PostgreSQL,db.m5.xlarge,m5,io1,0,694.00,32,37,1140,1823,89,USD,0.56,556.72,Rightsize,Rightsize,db.m6g.large,m6g,Rightsize,gp3,4.00000,2.00000,16.00000,8.00000,1000,3000,100,100,2120,4750,false,false,false,0.00,0.25,365.37,66.00,,prod,prod,500,uaid-02135,uaid-02135,,gbs - rocco,,,,,,,,,gbs - rocco,,,,,,21
clx-local-fraudvas-db-cluster,arn:aws:rds:us-west-2:446589977811:db:clx-local-fraudvas-db-cluster,clx-local-fraudvas-db-cluster,FDAWS BusinessTrack Nonprod,446589977811,Writer,1,2025-06-03T21:00:00Z,Aurora MySQL,db.r5.xlarge,r5,aurora,100,694.00,33,74,422,129,0,USD,0.46,317.99,Terminate,Terminate,db.r5.xlarge,r5,,,4.00000,4.00000,32.00000,32.00000,0,N/A,0,N/A,3500,3500,false,true,true,0.00,0.46,317.99,100.00,,nonprod,nonprod,500,uaid-02135,uaid-02135,,gbs - rocco,,,,,,,,,gbs - rocco,,,,,,22
clx-cert-fraudvas-db-west,arn:aws:rds:us-west-2:675440017561:db:clx-cert-fraudvas-db-west-instance-1,clx-cert-fraudvas-db-west-instance-1,FDAWS BusinessTrack Prod,675440017561,Writer,1,2025-06-03T21:00:00Z,Aurora MySQL,db.r5.xlarge,r5,aurora,100,694.00,31,74,420,129,0,USD,0.46,317.99,Terminate,Terminate,db.r5.xlarge,r5,,,4.00000,4.00000,32.00000,32.00000,0,N/A,0,N/A,3500,3500,false,true,true,0.00,0.46,317.99,100.00,,prod,prod,500,uaid-02135,uaid-02135,,gbs - rocco,,,,,,,,,gbs - rocco,,,,,,23
wgiftcard-aurora-production-cluster,arn:aws:rds:us-east-1:958612202038:db:wgiftcard-aurora-production,wgiftcard-aurora-production,FDAWS Gift Solutions - Prod,958612202038,Reader (Failover),1,2025-06-03T21:00:00Z,Aurora MySQL,db.r5.8xlarge,r5,aurora,0,694.00,85,86,499133,65422,377,USD,3.67,2543.93,Rightsize,Rightsize,db.r6g.8xlarge,r6g,,,32.00000,32.00000,256.00000,256.00000,0,N/A,0,N/A,N/A,9000,false,false,true,0.00,3.28,267.00,10.00,,prod,prod,49200,uaid-05823,uaid-05823,,nss,,,,,,,,,nss,,,,,,24
wgiftcard-aurora-production-cluster,arn:aws:rds:us-east-1:958612202038:db:wgiftcard-aurora-production-us-east-1e,wgiftcard-aurora-production-us-east-1e,FDAWS Gift Solutions - Prod,958612202038,Writer,1,2025-06-03T21:00:00Z,Aurora MySQL,db.r5.8xlarge,r5,aurora,0,694.00,72,94,762515,56635,377,USD,3.67,2543.93,Rightsize,Rightsize,db.r6g.8xlarge,r6g,,,32.00000,32.00000,256.00000,256.00000,0,N/A,0,N/A,N/A,9000,false,false,true,0.00,3.28,267.00,10.00,,prod,prod,49200,uaid-05823,uaid-05823,,nss,,,,,,,,,nss,,,,,,25
N/A,arn:aws:rds:eu-west-1:892562908805:db:lookeu,lookeu,Gift Solutions - Data Warehouse,892562908805,Instance,,2025-06-03T21:00:00Z,MySQL,db.t3.medium,t3,io1,100,694.00,61,45,783,126,0,USD,0.11,266.10,Terminate,Terminate,db.t3.medium,t3,Terminate,io1,0.40000,0.40000,4.00000,4.00000,1000,1000,120,120,2085,2085,false,true,true,0.00,0.11,266.10,100.00,,prod,prod,13500,uaid-05823,uaid-05823,,nss,,,,,,,,,nss,,,,,,26
N/A,arn:aws:rds:us-west-2:446589977811:db:clxtck,clxtck,FDAWS BusinessTrack Nonprod,446589977811,Instance,,2025-06-03T21:00:00Z,Oracle,db.m5.large,m5,gp2,100,694.00,25,58,6593,1202,0,USD,0.35,248.64,Terminate,Terminate,db.m5.large,m5,Terminate,gp2,2.00000,2.00000,8.00000,8.00000,300,300,100,100,2120,2120,false,true,true,0.00,0.35,248.64,100.00,,nonprod,nonprod,500,uaid-02135,uaid-02135,,gbs - rocco,,,,,,,,,gbs - rocco,,,,,,27
N/A,arn:aws:rds:us-east-1:892562908805:db:lookus,lookus,Gift Solutions - Data Warehouse,892562908805,Instance,,2025-06-03T21:00:00Z,MySQL,db.t3.medium,t3,io1,100,694.00,47,75,442,35,0,USD,0.11,244.62,Terminate,Terminate,db.t3.medium,t3,Terminate,io1,0.40000,0.40000,4.00000,4.00000,1000,1000,120,120,2085,2085,false,true,true,0.00,0.11,244.62,100.00,,prod,prod,13500,uaid-05823,uaid-05823,,nss,,,,,,,,,nss,,,,,,28
wgiftcard-aurora-merchant-production-cluster,arn:aws:rds:us-east-1:958612202038:db:wgiftcard-aurora-merchant-production,wgiftcard-aurora-merchant-production,FDAWS Gift Solutions - Prod,958612202038,Writer,1,2025-06-03T21:00:00Z,Aurora MySQL,db.r5.2xlarge,r5,aurora,0,694.00,15,80,4248,36,74,USD,0.92,635.98,Rightsize,Rightsize,db.x2g.xlarge,x2g,,,8.00000,4.00000,64.00000,64.00000,0,N/A,0,N/A,3500,4750,false,false,true,0.00,0.60,222.59,35.00,,prod,prod,49200,uaid-05823,uaid-05823,,nss,,,,,,,,,nss,,,,,,29
wgiftcard-aurora-merchant-production-cluster,arn:aws:rds:us-east-1:958612202038:db:wgiftcard-aurora-merchant-production-us-east-1b,wgiftcard-aurora-merchant-production-us-east-1b,FDAWS Gift Solutions - Prod,958612202038,Reader (Failover),1,2025-06-03T21:00:00Z,Aurora MySQL,db.r5.2xlarge,r5,aurora,0,694.00,16,78,2,0,74,USD,0.92,635.98,Rightsize,Rightsize,db.x2g.xlarge,x2g,,,8.00000,4.00000,64.00000,64.00000,0,N/A,0,N/A,3500,4750,false,false,true,0.00,0.60,222.59,35.00,,prod,prod,49200,uaid-05823,uaid-05823,,nss,,,,,,,,,nss,,,,,,30
N/A,arn:aws:rds:us-east-1:445111228619:db:srodev,srodev,fdaws-smartrouting-nonprod,445111228619,Instance,,2025-06-03T21:00:00Z,Oracle,db.m5.large,m5,gp3,100,694.00,71,73,17618,3235,0,USD,0.27,221.52,Terminate,Terminate,db.m5.large,m5,Terminate,gp3,2.00000,2.00000,8.00000,8.00000,12000,3000,200,200,2120,2120,false,true,true,0.00,0.27,221.52,100.00,,,,,,,,,,,,,,,,,,,,,,,31
N/A,arn:aws:rds:us-west-2:889549232637:db:prod-miam-user-provisioning,prod-miam-user-provisioning,FDAWS Merchant IAM Prod,889549232637,Instance,,2025-06-03T21:00:00Z,MySQL,db.r5.xlarge,r5,gp2,65,694.00,18,16,5034,983,9,USD,0.38,280.17,Rightsize,Rightsize,db.m6g.large,m6g,No Action,gp2,4.00000,2.00000,32.00000,8.00000,600,600,200,200,3500,4750,false,false,false,0.00,0.12,179.83,64.00,,prod,prod,500,uaid-05652,uaid-05652,,gbs - rocco,,,,,,,,,gbs - rocco,,,,,,32
emv-t3-redhat-prod-092624-cluster,arn:aws:rds:us-east-1:117054633658:db:emv-t3-redhat-prod-092624,emv-t3-redhat-prod-092624,fdaws-emv-certification-prod,117054633658,Writer,1,2025-06-03T21:00:00Z,Aurora PostgreSQL,db.r6g.2xlarge,r6g,aurora,8,694.00,16,75,348,1,1,USD,0.82,569.09,Rightsize,Rightsize,db.x2g.xlarge,x2g,,,8.00000,4.00000,64.00000,64.00000,0,N/A,0,N/A,4750,4750,false,false,true,0.00,0.60,155.71,27.00,,prod,prod,500,uaid-06331,uaid-06331,,gbs,,,,,,,,,gbs,,,,,,33
N/A,arn:aws:rds:eu-central-1:186452662675:db:ddp-dev-euc1,ddp-dev-euc1,fdaws-digital-payouts-nonprod,186452662675,Instance,,2025-06-03T21:00:00Z,Oracle,db.m5.2xlarge,m5,gp3,91,694.00,10,89,7617,2136,121,USD,0.64,465.45,Rightsize,Rightsize,db.r6i.xlarge,r6i,Rightsize,gp2,8.00000,4.00000,32.00000,32.00000,12000,600,200,200,2120,10000,false,false,true,0.00,0.45,136.04,29.00,,nonprod,nonprod,500,uaid-05469,uaid-05469,,gbs-na,,,,,,,,,gbs-na,,,,,,34
N/A,arn:aws:rds:eu-central-1:186452662675:db:ddp-qa-euc1,ddp-qa-euc1,fdaws-digital-payouts-nonprod,186452662675,Instance,,2025-06-03T21:00:00Z,Oracle,db.m5.2xlarge,m5,gp3,49,694.00,23,92,38018,9202,287,USD,0.64,465.45,Rightsize,Rightsize,db.r6i.xlarge,r6i,Rightsize,gp2,8.00000,4.00000,32.00000,32.00000,12000,600,200,200,2120,10000,false,false,true,0.00,0.45,136.04,29.00,,nonprod,nonprod,500,uaid-05469,uaid-05469,,gbs-na,,,,,,,,,gbs-na,,,,,,35
emv-uat-db-04112025-cluster,arn:aws:rds:us-east-1:249316530446:db:emv-uat-db-04112025,emv-uat-db-04112025,fdaws-emv-certification-nonprod,249316530446,Writer,1,2025-06-03T21:00:00Z,Aurora PostgreSQL,db.r6g.2xlarge,r6g,aurora,1,593.96,26,75,4296306,47455,21,USD,0.82,487.06,Rightsize,Rightsize,db.x2g.xlarge,x2g,,,8.00000,4.00000,64.00000,64.00000,0,N/A,0,N/A,4750,4750,false,false,true,0.00,0.60,133.26,27.00,,nonprod,nonprod,500,uaid-06331,uaid-06331,,gbs,,,,,,,,,gbs,,,,,,36
aurora-svstest-cluster,arn:aws:rds:us-east-1:243575567843:db:aurora-svstest,aurora-svstest,TW SVS,243575567843,Reader (Failover),1,2025-06-03T21:00:00Z,Aurora MySQL,db.r5.xlarge,r5,aurora,0,694.00,32,78,40,5,30,USD,0.46,317.99,Rightsize,Rightsize,db.x2g.large,x2g,,,4.00000,2.00000,32.00000,32.00000,0,N/A,0,N/A,3500,4750,false,false,true,0.00,0.30,111.30,35.00,,prod,prod,23400,uaid-05824,uaid-05824,,nss,,,,,,,,,nss,,,,,,37
aurora-svstest-cluster,arn:aws:rds:us-east-1:243575567843:db:aurora-svstest-us-east-1a,aurora-svstest-us-east-1a,TW SVS,243575567843,Writer,1,2025-06-03T21:00:00Z,Aurora MySQL,db.r5.xlarge,r5,aurora,0,694.00,27,81,3687,24,30,USD,0.46,317.99,Rightsize,Rightsize,db.x2g.large,x2g,,,4.00000,2.00000,32.00000,32.00000,0,N/A,0,N/A,3500,4750,false,false,true,0.00,0.30,111.30,35.00,,prod,prod,23400,uaid-05824,uaid-05824,,nss,,,,,,,,,nss,,,,,,38
bts-stage-merchant-db-east-global-cluster-1,arn:aws:rds:us-east-1:446589977811:db:bts-stage-merchant-db-east-global-instance-1,bts-stage-merchant-db-east-global-instance-1,FDAWS BusinessTrack Nonprod,446589977811,Reader,1,2025-06-03T21:00:00Z,Aurora MySQL,db.r5.xlarge,r5,aurora,0,694.00,25,74,142,19,28,USD,0.46,317.99,Rightsize,Rightsize,db.x2g.large,x2g,,,4.00000,2.00000,32.00000,32.00000,0,N/A,0,N/A,3500,4750,false,false,true,0.00,0.30,111.30,35.00,,nonprod,nonprod,500,uaid-02135,uaid-02135,,gbs - rocco,,,,,,,,,gbs - rocco,,,,,,39
bts-stage-merchant-db-east-global-cluster-1,arn:aws:rds:us-east-1:446589977811:db:bts-stage-merchant-db-east-global-instance-2,bts-stage-merchant-db-east-global-instance-2,FDAWS BusinessTrack Nonprod,446589977811,Reader,1,2025-06-03T21:00:00Z,Aurora MySQL,db.r5.xlarge,r5,aurora,0,694.00,29,74,142,19,28,USD,0.46,317.99,Rightsize,Rightsize,db.x2g.large,x2g,,,4.00000,2.00000,32.00000,32.00000,0,N/A,0,N/A,3500,4750,false,false,true,0.00,0.30,111.30,35.00,,nonprod,nonprod,500,uaid-02135,uaid-02135,,gbs - rocco,,,,,,,,,gbs - rocco,,,,,,40
stage-miamdb-instance-1-cluster-1,arn:aws:rds:us-east-1:871418687315:db:stage-miamdb-instance-1,stage-miamdb-instance-1,FDAWS Merchant IAM Nonprod,871418687315,Reader,1,2025-06-03T21:00:00Z,Aurora MySQL,db.r5.xlarge,r5,aurora,0,694.00,30,74,75,10,26,USD,0.46,317.99,Rightsize,Rightsize,db.x2g.large,x2g,,,4.00000,2.00000,32.00000,32.00000,0,N/A,0,N/A,3500,4750,false,false,true,0.00,0.30,111.30,35.00,,nonprod,nonprod,500,uaid-05652,uaid-05652,,gbs - rocco,,,,,,,,,gbs - rocco,,,,,,41
stage-miamdb-instance-1-cluster-1,arn:aws:rds:us-east-1:871418687315:db:stage-miamdb-instance-2,stage-miamdb-instance-2,FDAWS Merchant IAM Nonprod,871418687315,Reader,1,2025-06-03T21:00:00Z,Aurora MySQL,db.r5.xlarge,r5,aurora,0,694.00,25,74,100,13,26,USD,0.46,317.99,Rightsize,Rightsize,db.x2g.large,x2g,,,4.00000,2.00000,32.00000,32.00000,0,N/A,0,N/A,3500,4750,false,false,true,0.00,0.30,111.30,35.00,,nonprod,nonprod,500,uaid-05652,uaid-05652,,gbs - rocco,,,,,,,,,gbs - rocco,,,,,,42
bts-stage-merchant-db-west-global-cluster,arn:aws:rds:us-west-2:446589977811:db:bts-stage-merchant-db-west-global-instance-1,bts-stage-merchant-db-west-global-instance-1,FDAWS BusinessTrack Nonprod,446589977811,Reader (Failover),1,2025-06-03T21:00:00Z,Aurora MySQL,db.r5.xlarge,r5,aurora,100,694.00,25,74,2,0,40,USD,0.46,317.99,Rightsize,Rightsize,db.x2g.large,x2g,,,4.00000,2.00000,32.00000,32.00000,0,N/A,0,N/A,3500,4750,false,false,true,0.00,0.30,111.30,35.00,,nonprod,nonprod,500,uaid-02135,uaid-02135,,gbs - rocco,,,,,,,,,gbs - rocco,,,,,,43
bts-stage-merchant-db-west-global-cluster,arn:aws:rds:us-west-2:446589977811:db:bts-stage-merchant-db-west-global-instance-2,bts-stage-merchant-db-west-global-instance-2,FDAWS BusinessTrack Nonprod,446589977811,Writer,1,2025-06-03T21:00:00Z,Aurora MySQL,db.r5.xlarge,r5,aurora,0,694.00,33,76,1522,123,40,USD,0.46,317.99,Rightsize,Rightsize,db.x2g.large,x2g,,,4.00000,2.00000,32.00000,32.00000,0,N/A,0,N/A,3500,4750,false,false,true,0.00,0.30,111.30,35.00,,nonprod,nonprod,500,uaid-02135,uaid-02135,,gbs - rocco,,,,,,,,,gbs - rocco,,,,,,44
bts-stage-merchant-db-west-global-cluster,arn:aws:rds:us-west-2:446589977811:db:bts-stage-merchant-db-west-global-instance-3,bts-stage-merchant-db-west-global-instance-3,FDAWS BusinessTrack Nonprod,446589977811,Reader (Failover),1,2025-06-03T21:00:00Z,Aurora MySQL,db.r5.xlarge,r5,aurora,100,694.00,32,74,2,0,40,USD,0.46,317.99,Rightsize,Rightsize,db.x2g.large,x2g,,,4.00000,2.00000,32.00000,32.00000,0,N/A,0,N/A,3500,4750,false,false,true,0.00,0.30,111.30,35.00,,nonprod,nonprod,500,uaid-02135,uaid-02135,,gbs - rocco,,,,,,,,,gbs - rocco,,,,,,45
clx-dev-fraudvas-db-west-cluster,arn:aws:rds:us-west-2:446589977811:db:clx-dev-fraudvas-db-west-cluster-instance-1,clx-dev-fraudvas-db-west-cluster-instance-1,FDAWS BusinessTrack Nonprod,446589977811,Writer,1,2025-06-03T21:00:00Z,Aurora MySQL,db.r5.xlarge,r5,aurora,0,694.00,23,75,535,235,49,USD,0.46,317.99,Rightsize,Rightsize,db.x2g.large,x2g,,,4.00000,2.00000,32.00000,32.00000,0,N/A,0,N/A,3500,4750,false,false,true,0.00,0.30,111.30,35.00,,nonprod,nonprod,500,uaid-02135,uaid-02135,,gbs - rocco,,,,,,,,,gbs - rocco,,,,,,46
clx-qa-fraudvas-db-west-cluster,arn:aws:rds:us-west-2:446589977811:db:clx-qa-fraudvas-db-west-cluster-instance-1,clx-qa-fraudvas-db-west-cluster-instance-1,FDAWS BusinessTrack Nonprod,446589977811,Writer,1,2025-06-03T21:00:00Z,Aurora MySQL,db.r5.xlarge,r5,aurora,0,694.00,28,75,297204,38955,36,USD,0.46,317.99,Rightsize,Rightsize,db.x2g.large,x2g,,,4.00000,2.00000,32.00000,32.00000,0,N/A,0,N/A,3500,4750,false,false,true,0.00,0.30,111.30,35.00,,nonprod,nonprod,500,uaid-02135,uaid-02135,,gbs - rocco,,,,,,,,,gbs - rocco,,,,,,47
clx-stage-fraudvas-db-west-cluster,arn:aws:rds:us-west-2:446589977811:db:clx-stage-fraudvas-db-west-cluster-cluster,clx-stage-fraudvas-db-west-cluster-cluster,FDAWS BusinessTrack Nonprod,446589977811,Writer,1,2025-06-03T21:00:00Z,Aurora MySQL,db.r5.xlarge,r5,aurora,0,694.00,25,86,102010,13371,201,USD,0.46,317.99,Rightsize,Rightsize,db.x2g.large,x2g,,,4.00000,2.00000,32.00000,32.00000,0,N/A,0,N/A,3500,4750,false,false,true,0.00,0.30,111.30,35.00,,nonprod,nonprod,500,uaid-02135,uaid-02135,,gbs - rocco,,,,,,,,,gbs - rocco,,,,,,48
bts-prod-merchant-db-west-global-cluster-1,arn:aws:rds:us-west-2:675440017561:db:bts-prod-merchant-db-west-global-instance-1,bts-prod-merchant-db-west-global-instance-1,FDAWS BusinessTrack Prod,675440017561,Reader,1,2025-06-03T21:00:00Z,Aurora MySQL,db.r5.xlarge,r5,aurora,0,694.00,24,74,533,70,102,USD,0.46,317.99,Rightsize,Rightsize,db.x2g.large,x2g,,,4.00000,2.00000,32.00000,32.00000,0,N/A,0,N/A,3500,4750,false,false,true,0.00,0.30,111.30,35.00,,prod,prod,500,uaid-02135,uaid-02135,,gbs - rocco,,,,,,,,,gbs - rocco,,,,,,49
bts-prod-merchant-db-west-global-cluster-1,arn:aws:rds:us-west-2:675440017561:db:bts-prod-merchant-db-west-global-instance-2,bts-prod-merchant-db-west-global-instance-2,FDAWS BusinessTrack Prod,675440017561,Reader,1,2025-06-03T21:00:00Z,Aurora MySQL,db.r5.xlarge,r5,aurora,0,694.00,32,74,1600,210,102,USD,0.46,317.99,Rightsize,Rightsize,db.x2g.large,x2g,,,4.00000,2.00000,32.00000,32.00000,0,N/A,0,N/A,3500,4750,false,false,true,0.00,0.30,111.30,35.00,,prod,prod,500,uaid-02135,uaid-02135,,gbs - rocco,,,,,,,,,gbs - rocco,,,,,,50
prod-miam-aurora-db-west,arn:aws:rds:us-west-2:889549232637:db:prod-miam-aurora-db-west,prod-miam-aurora-db-west,FDAWS Merchant IAM Prod,889549232637,Writer,1,2025-06-03T21:00:00Z,Aurora MySQL,db.r4.xlarge,r4,aurora,100,694.00,29,76,765,117,0,USD,0.46,317.99,Rightsize,Rightsize,db.x2g.large,x2g,,,4.00000,2.00000,30.50000,32.00000,0,N/A,0,N/A,800,4750,false,false,true,0.00,0.30,111.30,35.00,,prod,prod,500,uaid-05652,uaid-05652,,gbs - rocco,,,,,,,,,gbs - rocco,,,,,,51
prod-miam-aurora-db-west,arn:aws:rds:us-west-2:889549232637:db:prod-miam-aurora-db-west-us-west-2b,prod-miam-aurora-db-west-us-west-2b,FDAWS Merchant IAM Prod,889549232637,Reader (Failover),1,2025-06-03T21:00:00Z,Aurora MySQL,db.r4.xlarge,r4,aurora,100,694.00,35,73,3,0,0,USD,0.46,317.99,Rightsize,Rightsize,db.x2g.large,x2g,,,4.00000,2.00000,30.50000,32.00000,0,N/A,0,N/A,800,4750,false,false,true,0.00,0.30,111.30,35.00,,prod,prod,500,uaid-05652,uaid-05652,,gbs - rocco,,,,,,,,,gbs - rocco,,,,,,52
N/A,arn:aws:rds:us-west-2:446589977811:db:bts-dev-statements,bts-dev-statements,FDAWS BusinessTrack Nonprod,446589977811,Instance,,2025-06-03T21:00:00Z,PostgreSQL,db.t3.medium,t3,gp2,100,694.00,82,39,3782,1824,0,USD,0.06,81.99,Terminate,Terminate,db.t3.medium,t3,Terminate,gp2,0.40000,0.40000,4.00000,4.00000,1500,1500,500,500,2085,2085,false,true,true,0.00,0.06,81.99,100.00,,nonprod,nonprod,500,uaid-02135,uaid-02135,,gbs - rocco,,,,,,,,,gbs - rocco,,,,,,53
dev-west-clx-telecheck-db-cluster,arn:aws:rds:us-west-2:446589977811:db:dev-west-clx-telecheck-db-cluster-instance-1,dev-west-clx-telecheck-db-cluster-instance-1,FDAWS BusinessTrack Nonprod,446589977811,Writer,1,2025-06-03T21:00:00Z,Aurora PostgreSQL,db.r6g.xlarge,r6g,aurora,0,694.00,29,77,5150,62,3,USD,0.41,284.55,Rightsize,Rightsize,db.x2g.large,x2g,,,4.00000,2.00000,32.00000,32.00000,0,N/A,0,N/A,4750,4750,false,false,true,0.00,0.30,77.85,27.00,,nonprod,nonprod,500,uaid-02135,uaid-02135,,gbs - rocco,,,,,,,,,gbs - rocco,,,,,,54
aurora-svseu-cluster,arn:aws:rds:eu-west-1:243575567843:db:aurora-svseu,aurora-svseu,TW SVS,243575567843,Writer,1,2025-06-03T21:00:00Z,Aurora MySQL,db.r5.2xlarge,r5,aurora,0,694.00,62,84,174400,3163,36,USD,1.01,701.77,Rightsize,Rightsize,db.r6g.2xlarge,r6g,,,8.00000,8.00000,64.00000,64.00000,0,N/A,0,N/A,3500,4750,false,false,true,0.00,0.91,73.47,10.00,,prod,prod,23400,uaid-05824,uaid-05824,,nss,,,,,,,,,nss,,,,,,55
aurora-svseu-cluster,arn:aws:rds:eu-west-1:243575567843:db:aurora-svseu-eu-west-1a,aurora-svseu-eu-west-1a,TW SVS,243575567843,Reader (Failover),1,2025-06-03T21:00:00Z,Aurora MySQL,db.r5.2xlarge,r5,aurora,0,694.00,4,78,3,0,36,USD,1.01,701.77,Rightsize,Rightsize,db.r6g.2xlarge,r6g,,,8.00000,8.00000,64.00000,64.00000,0,N/A,0,N/A,3500,4750,false,false,true,0.00,0.91,73.47,10.00,,prod,prod,23400,uaid-05824,uaid-05824,,nss,,,,,,,,,nss,,,,,,56
t3-proddb-aurora-cluster,arn:aws:rds:us-east-1:117054633658:db:t3-proddb-aurora,t3-proddb-aurora,fdaws-emv-certification-prod,117054633658,Writer,1,2025-06-03T21:00:00Z,Aurora PostgreSQL,db.r5.2xlarge,r5,aurora,0,694.00,68,81,8951283,350422,43,USD,0.92,635.98,Rightsize,Rightsize,db.r6g.2xlarge,r6g,,,8.00000,8.00000,64.00000,64.00000,0,N/A,0,N/A,3500,4750,false,false,true,0.00,0.82,66.89,11.00,,prod,prod,500,uaid-06331,uaid-06331,,gbs,,,,,,,,,gbs,,,,,,57
aurora-svsus-cluster,arn:aws:rds:us-east-1:243575567843:db:aurora-svsus-us-east-1a,aurora-svsus-us-east-1a,TW SVS,243575567843,Reader (Failover),1,2025-06-03T21:00:00Z,Aurora MySQL,db.r5.2xlarge,r5,aurora,0,694.00,71,82,10473,1373,22,USD,0.92,635.98,Rightsize,Rightsize,db.r6g.2xlarge,r6g,,,8.00000,8.00000,64.00000,64.00000,0,N/A,0,N/A,3500,4750,false,false,true,0.00,0.82,66.89,11.00,,prod,prod,23400,uaid-05824,uaid-05824,,nss,,,,,,,,,nss,,,,,,58
aurora-svsus-cluster,arn:aws:rds:us-east-1:243575567843:db:aurora-svsus-us-east-1c,aurora-svsus-us-east-1c,TW SVS,243575567843,Writer,1,2025-06-03T21:00:00Z,Aurora MySQL,db.r5.2xlarge,r5,aurora,0,694.00,52,86,221806,27381,22,USD,0.92,635.98,Rightsize,Rightsize,db.r6g.2xlarge,r6g,,,8.00000,8.00000,64.00000,64.00000,0,N/A,0,N/A,3500,4750,false,false,true,0.00,0.82,66.89,11.00,,prod,prod,23400,uaid-05824,uaid-05824,,nss,,,,,,,,,nss,,,,,,59
emv-uat-db-rds-052025-cluster,arn:aws:rds:us-east-1:249316530446:db:emv-uat-db-rds-052025,emv-uat-db-rds-052025,fdaws-emv-certification-nonprod,249316530446,Writer,1,2025-06-03T21:00:00Z,Aurora PostgreSQL,db.r6g.2xlarge,r6g,aurora,0,279.64,17,75,2423347,47429,22,USD,0.82,229.31,Rightsize,Rightsize,db.x2g.xlarge,x2g,,,8.00000,4.00000,64.00000,64.00000,0,N/A,0,N/A,4750,4750,false,false,true,0.00,0.60,62.74,27.00,,nonprod,nonprod,500,uaid-06331,uaid-06331,,gbs,,,,,,,,,gbs,,,,,,60
N/A,arn:aws:rds:us-west-2:446589977811:db:bts-qa-statements,bts-qa-statements,FDAWS BusinessTrack Nonprod,446589977811,Instance,,2025-06-03T21:00:00Z,PostgreSQL,db.t3.medium,t3,gp2,100,694.00,54,30,1280,931,0,USD,0.06,60.73,Terminate,Terminate,db.t3.medium,t3,Terminate,gp2,0.40000,0.40000,4.00000,4.00000,750,750,250,250,2085,2085,false,true,true,0.00,0.06,60.73,100.00,,nonprod,nonprod,500,uaid-02135,uaid-02135,,gbs - rocco,,,,,,,,,gbs - rocco,,,,,,61
N/A,arn:aws:rds:eu-west-1:186452662675:db:ddp-qa-euw1,ddp-qa-euw1,fdaws-digital-payouts-nonprod,186452662675,Instance,,2025-06-03T21:00:00Z,Oracle,db.m5.2xlarge,m5,gp3,0,310.00,6,88,87214,7593,6,USD,0.60,193.57,Rightsize,Rightsize,db.r6i.xlarge,r6i,Rightsize,gp2,8.00000,4.00000,32.00000,32.00000,12000,600,200,200,2120,10000,false,false,true,0.00,0.41,58.81,30.00,,nonprod,nonprod,500,uaid-05469,uaid-05469,,gbs-na,,,,,,,,,gbs-na,,,,,,62
N/A,arn:aws:rds:us-east-1:095056793184:db:paymentjs-docs-db,paymentjs-docs-db,FDAWS E-commerce,095056793184,Instance,,2025-06-03T21:00:00Z,MySQL,db.r6i.large,r6i,gp2,0,694.00,32,17,280,16,40,USD,0.19,148.59,Rightsize,Rightsize,db.m6g.large,m6g,No Action,gp2,2.00000,2.00000,16.00000,8.00000,600,600,200,200,10000,4750,false,false,false,0.00,0.12,48.25,32.00,,prod,prod,500,uaid-05399,uaid-05399,,gbs - na,,,,,,,,,gbs - na,,,,,,63
N/A,arn:aws:rds:us-west-2:871418687315:db:dev-miam-user-provisioning,dev-miam-user-provisioning,FDAWS Merchant IAM Nonprod,871418687315,Instance,,2025-06-03T21:00:00Z,MySQL,db.r5.large,r5,gp2,0,694.00,58,18,850,135,1,USD,0.19,133.28,Rightsize,Rightsize,db.m6g.large,m6g,No Action,gp2,2.00000,2.00000,16.00000,8.00000,100,100,20,20,3500,4750,false,false,false,0.00,0.12,48.25,36.00,,nonprod,nonprod,500,uaid-05652,uaid-05652,,gbs - rocco,,,,,,,,,gbs - rocco,,,,,,64
N/A,arn:aws:rds:us-west-2:871418687315:db:qa-miam-user-provisioning,qa-miam-user-provisioning,FDAWS Merchant IAM Nonprod,871418687315,Instance,,2025-06-03T21:00:00Z,MySQL,db.r5.large,r5,gp2,0,694.00,40,18,900,168,9,USD,0.19,133.28,Rightsize,Rightsize,db.m6g.large,m6g,No Action,gp2,2.00000,2.00000,16.00000,8.00000,100,100,20,20,3500,4750,false,false,false,0.00,0.12,48.25,36.00,,nonprod,nonprod,500,uaid-05652,uaid-05652,,gbs - rocco,,,,,,,,,gbs - rocco,,,,,,65
N/A,arn:aws:rds:us-west-2:871418687315:db:stage-miam-user-provisioning,stage-miam-user-provisioning,FDAWS Merchant IAM Nonprod,871418687315,Instance,,2025-06-03T21:00:00Z,MySQL,db.r5.large,r5,gp2,0,694.00,50,18,682,129,6,USD,0.19,133.28,Rightsize,Rightsize,db.m6g.large,m6g,No Action,gp2,2.00000,2.00000,16.00000,8.00000,100,100,20,20,3500,4750,false,false,false,0.00,0.12,48.25,36.00,,nonprod,nonprod,500,uaid-05652,uaid-05652,,gbs - rocco,,,,,,,,,gbs - rocco,,,,,,66
N/A,arn:aws:rds:us-east-1:340249132257:db:lookdev,lookdev,fdaws-gift-solutions-nonprod,340249132257,Instance,,2025-06-03T21:00:00Z,MySQL,db.t3.medium,t3,gp2,100,694.00,55,41,730,120,0,USD,0.05,47.49,Terminate,Terminate,db.t3.medium,t3,Terminate,gp2,0.40000,0.40000,4.00000,4.00000,360,360,120,120,2085,2085,false,true,true,0.00,0.05,47.49,100.00,,nonprod,nonprod,500,uaid-05823,uaid-05823,,nss,,,,,,,,,nss,,,,,,67
N/A,arn:aws:rds:us-east-1:340249132257:db:looktest,looktest,fdaws-gift-solutions-nonprod,340249132257,Instance,,2025-06-03T21:00:00Z,MySQL,db.t3.medium,t3,gp2,100,694.00,53,42,755,125,0,USD,0.05,47.49,Terminate,Terminate,db.t3.medium,t3,Terminate,gp2,0.40000,0.40000,4.00000,4.00000,360,360,120,120,2085,2085,false,true,true,0.00,0.05,47.49,100.00,,nonprod,nonprod,500,uaid-05823,uaid-05823,,nss,,,,,,,,,nss,,,,,,68
N/A,arn:aws:rds:us-east-1:609417357042:db:gyft-replica-old,gyft-replica-old,Gyft Staging,609417357042,Instance,,2025-06-03T21:00:00Z,MySQL,db.t3.medium,t3,gp2,100,694.00,67,89,79135,41413,0,USD,0.05,45.78,Terminate,Terminate,db.t3.medium,t3,Terminate,gp2,0.40000,0.40000,4.00000,4.00000,300,300,100,100,2085,2085,false,true,true,0.00,0.05,45.78,100.00,,nonprod,nonprod,4200,uaid-05824,uaid-05824,,nss,,,,,,,,,nss,,,,,,69
wgiftcard-conversion-sbox,arn:aws:rds:us-east-1:628913298676:db:wgiftcard-conversion-sbox,wgiftcard-conversion-sbox,FDAWS Gift Solutions Dev (wgiftcard-dev),628913298676,Writer,0,2025-06-03T21:00:00Z,Aurora MySQL,db.t3.medium,t3,aurora,100,694.00,61,73,1325,116,0,USD,0.06,44.96,Terminate,Terminate,db.t3.medium,t3,,,0.40000,0.40000,4.00000,4.00000,0,N/A,0,N/A,2085,2085,false,true,true,0.00,0.06,44.96,100.00,,nonprod,nonprod,2400,uaid-05823,uaid-05823,,nss,,,,,,,,,nss,,,,,,70
wgiftcard-conversion-sbox,arn:aws:rds:us-east-1:628913298676:db:wgiftcard-conversion-sbox-us-east-1b,wgiftcard-conversion-sbox-us-east-1b,FDAWS Gift Solutions Dev (wgiftcard-dev),628913298676,Reader (Failover),0,2025-06-03T21:00:00Z,Aurora MySQL,db.t3.medium,t3,aurora,100,694.00,68,67,2,0,0,USD,0.06,44.96,Terminate,Terminate,db.t3.medium,t3,,,0.40000,0.40000,4.00000,4.00000,0,N/A,0,N/A,2085,2085,false,true,true,0.00,0.06,44.96,100.00,,nonprod,nonprod,2400,uaid-05823,uaid-05823,,nss,,,,,,,,,nss,,,,,,71
aurora-wgiftcard-b2bmerchant-wgiftcard-dev,arn:aws:rds:us-east-1:958612202038:db:aurora-wgiftcard-b2bmerchant-wgiftcard-dev,aurora-wgiftcard-b2bmerchant-wgiftcard-dev,FDAWS Gift Solutions - Prod,958612202038,Writer,1,2025-06-03T21:00:00Z,Aurora MySQL,db.t3.medium,t3,aurora,100,694.00,63,74,327,6,0,USD,0.06,44.96,Terminate,Terminate,db.t3.medium,t3,,,0.40000,0.40000,4.00000,4.00000,0,N/A,0,N/A,2085,2085,false,true,true,0.00,0.06,44.96,100.00,,prod,prod,49200,uaid-05823,uaid-05823,,nss,,,,,,,,,nss,,,,,,72
N/A,arn:aws:rds:us-east-1:628913298676:db:tw-payment,tw-payment,FDAWS Gift Solutions Dev (wgiftcard-dev),628913298676,Instance,,2025-06-03T21:00:00Z,MySQL,db.t3.small,t3,standard,100,694.00,7,48,407,32,0,USD,0.05,38.76,Terminate,Terminate,db.t3.small,t3,No Action,standard,0.40000,0.40000,2.00000,2.00000,0,0,10,10,2085,2085,false,true,true,0.00,0.05,37.28,96.00,,nonprod,nonprod,2400,uaid-05823,uaid-05823,,nss,,,,,,,,,nss,,,,,,73
bts-prod-merchant-db-east-global-cluster-1,arn:aws:rds:us-east-1:675440017561:db:bts-prod-merchant-db-east-global-instance-2,bts-prod-merchant-db-east-global-instance-2,FDAWS BusinessTrack Prod,675440017561,Reader (Failover),1,2025-06-03T21:00:00Z,Aurora MySQL,db.r5.xlarge,r5,aurora,0,694.00,33,78,38,5,133,USD,0.46,317.99,Rightsize,Rightsize,db.r6g.xlarge,r6g,,,4.00000,4.00000,32.00000,32.00000,0,N/A,0,N/A,3500,4750,false,false,true,0.00,0.41,33.44,11.00,,prod,prod,500,uaid-02135,uaid-02135,,gbs - rocco,,,,,,,,,gbs - rocco,,,,,,74
bts-prod-merchant-db-east-global-cluster-1,arn:aws:rds:us-east-1:675440017561:db:bts-prod-merchant-db-east-global-instance-3,bts-prod-merchant-db-east-global-instance-3,FDAWS BusinessTrack Prod,675440017561,Writer,1,2025-06-03T21:00:00Z,Aurora MySQL,db.r5.xlarge,r5,aurora,0,694.00,59,91,256654,13588,133,USD,0.46,317.99,Rightsize,Rightsize,db.r6g.xlarge,r6g,,,4.00000,4.00000,32.00000,32.00000,0,N/A,0,N/A,3500,4750,false,false,true,0.00,0.41,33.44,11.00,,prod,prod,500,uaid-02135,uaid-02135,,gbs - rocco,,,,,,,,,gbs - rocco,,,,,,75
stage-miamdb-instance-1-cluster,arn:aws:rds:us-west-2:871418687315:db:stage-miamdb-instance-1,stage-miamdb-instance-1,FDAWS Merchant IAM Nonprod,871418687315,Reader (Failover),1,2025-06-03T21:00:00Z,Aurora MySQL,db.r5.xlarge,r5,aurora,0,694.00,29,74,17,2,121,USD,0.46,317.99,Rightsize,Rightsize,db.r6g.xlarge,r6g,,,4.00000,4.00000,32.00000,32.00000,0,N/A,0,N/A,3500,4750,false,false,true,0.00,0.41,33.44,11.00,,nonprod,nonprod,500,uaid-05652,uaid-05652,,gbs - rocco,,,,,,,,,gbs - rocco,,,,,,76
stage-miamdb-instance-1-cluster,arn:aws:rds:us-west-2:871418687315:db:stage-miamdb-instance-2,stage-miamdb-instance-2,FDAWS Merchant IAM Nonprod,871418687315,Reader (Failover),1,2025-06-03T21:00:00Z,Aurora MySQL,db.r5.xlarge,r5,aurora,0,694.00,33,74,13,2,121,USD,0.46,317.99,Rightsize,Rightsize,db.r6g.xlarge,r6g,,,4.00000,4.00000,32.00000,32.00000,0,N/A,0,N/A,3500,4750,false,false,true,0.00,0.41,33.44,11.00,,nonprod,nonprod,500,uaid-05652,uaid-05652,,gbs - rocco,,,,,,,,,gbs - rocco,,,,,,77
stage-miamdb-instance-1-cluster,arn:aws:rds:us-west-2:871418687315:db:stage-miamdb-instance-3,stage-miamdb-instance-3,FDAWS Merchant IAM Nonprod,871418687315,Writer,1,2025-06-03T21:00:00Z,Aurora MySQL,db.r5.xlarge,r5,aurora,0,694.00,52,83,35940,4535,121,USD,0.46,317.99,Rightsize,Rightsize,db.r6g.xlarge,r6g,,,4.00000,4.00000,32.00000,32.00000,0,N/A,0,N/A,3500,4750,false,false,true,0.00,0.41,33.44,11.00,,nonprod,nonprod,500,uaid-05652,uaid-05652,,gbs - rocco,,,,,,,,,gbs - rocco,,,,,,78
N/A,arn:aws:rds:us-east-1:958612202038:db:wgiftcard-starpex,wgiftcard-starpex,FDAWS Gift Solutions - Prod,958612202038,Instance,,2025-06-03T21:00:00Z,MySQL,db.t3.micro,t3,standard,100,694.00,8,81,313,27,0,USD,0.03,26.03,Terminate,Terminate,db.t3.micro,t3,Rightsize,gp2,0.20000,0.20000,1.00000,1.00000,0,100,50,20,2085,2085,false,true,true,0.00,0.03,22.63,87.00,,prod,prod,49200,uaid-05823,uaid-05823,,nss,,,,,,,,,nss,,,,,,79
sbox-b2b-market-cluster,arn:aws:rds:us-east-1:628913298676:db:sbox-b2b-market,sbox-b2b-market,FDAWS Gift Solutions Dev (wgiftcard-dev),628913298676,Writer,1,2025-06-03T21:00:00Z,Aurora MySQL,db.t3.small,t3,aurora,100,694.00,56,85,353,116,0,USD,0.03,22.48,Terminate,Terminate,db.t3.small,t3,,,0.40000,0.40000,2.00000,2.00000,0,N/A,0,N/A,2085,2085,false,true,true,0.00,0.03,22.48,100.00,,nonprod,nonprod,2400,uaid-05823,uaid-05823,,nss,,,,,,,,,nss,,,,,,80
confluence-cluster,arn:aws:rds:us-east-1:958612202038:db:confluence,confluence,FDAWS Gift Solutions - Prod,958612202038,Writer,1,2025-06-03T21:00:00Z,Aurora MySQL,db.t3.small,t3,aurora,100,694.00,59,85,335,6,0,USD,0.03,22.48,Terminate,Terminate,db.t3.small,t3,,,0.40000,0.40000,2.00000,2.00000,0,N/A,0,N/A,2085,2085,false,true,true,0.00,0.03,22.48,100.00,,prod,prod,49200,uaid-05823,uaid-05823,,nss,,,,,,,,,nss,,,,,,81
wgiftcard-accounts-dev,arn:aws:rds:us-east-1:958612202038:db:wgiftcard-accounts-dev,wgiftcard-accounts-dev,FDAWS Gift Solutions - Prod,958612202038,Writer,1,2025-06-03T21:00:00Z,Aurora MySQL,db.t3.small,t3,aurora,100,694.00,56,89,358,115,0,USD,0.03,22.48,Terminate,Terminate,db.t3.small,t3,,,0.40000,0.40000,2.00000,2.00000,0,N/A,0,N/A,2085,2085,false,true,true,0.00,0.03,22.48,100.00,,prod,prod,49200,uaid-05823,uaid-05823,,nss,,,,,,,,,nss,,,,,,82
N/A,arn:aws:rds:us-east-1:446589977811:db:bts-stage-api-gateway-east,bts-stage-api-gateway-east,FDAWS BusinessTrack Nonprod,446589977811,Instance,,2025-06-03T21:00:00Z,PostgreSQL,db.t3.medium,t3,gp2,0,694.00,59,28,1942,1815,12,USD,0.06,47.98,Rightsize,Rightsize,db.t4g.small,t4g,No Action,gp2,0.40000,0.40000,4.00000,2.00000,300,300,100,100,2085,2085,false,false,false,0.00,0.03,21.93,46.00,,nonprod,nonprod,500,uaid-02135,uaid-05236,,gbs - rocco,,,,,,uaid-05236,,,gbs - rocco,,,,,,83
N/A,arn:aws:rds:us-west-2:446589977811:db:bts-stage-api-gateway-west,bts-stage-api-gateway-west,FDAWS BusinessTrack Nonprod,446589977811,Instance,,2025-06-03T21:00:00Z,PostgreSQL,db.t3.medium,t3,gp2,0,694.00,64,28,1988,1823,13,USD,0.06,47.98,Rightsize,Rightsize,db.t4g.small,t4g,No Action,gp2,0.40000,0.40000,4.00000,2.00000,300,300,100,100,2085,2085,false,false,false,0.00,0.03,21.93,46.00,,nonprod,nonprod,500,uaid-02135,uaid-05236,,gbs - rocco,,,,,,uaid-05236,,,gbs - rocco,,,,,,84
N/A,arn:aws:rds:us-west-2:446589977811:db:bts-stage-statements,bts-stage-statements,FDAWS BusinessTrack Nonprod,446589977811,Instance,,2025-06-03T22:00:00Z,PostgreSQL,db.t3.medium,t3,gp2,0,694.00,61,38,6500,4008,17,USD,0.06,60.73,Rightsize,Rightsize,db.t4g.small,t4g,No Action,gp2,0.40000,0.40000,4.00000,2.00000,750,750,250,250,2085,2085,false,false,false,0.00,0.03,21.93,36.00,,nonprod,nonprod,500,uaid-02135,uaid-02135,,gbs - rocco,,,,,,,,,gbs - rocco,,,,,,85
aurora-svseu-merchant-cluster,arn:aws:rds:eu-west-1:243575567843:db:aurora-svseu-merchant,aurora-svseu-merchant,TW SVS,243575567843,Reader (Failover),1,2025-06-03T21:00:00Z,Aurora MySQL,db.r5.large,r5,aurora,100,694.00,66,66,0,0,5,USD,0.25,175.44,Rightsize,Rightsize,db.r6g.large,r6g,,,2.00000,2.00000,16.00000,16.00000,0,N/A,0,N/A,3500,4750,false,false,true,0.00,0.23,18.64,11.00,,prod,prod,23400,uaid-05824,uaid-05824,,nss,,,,,,,,,nss,,,,,,86
aurora-svseu-merchant-cluster,arn:aws:rds:eu-west-1:243575567843:db:aurora-svseu-merchant-eu-west-1a,aurora-svseu-merchant-eu-west-1a,TW SVS,243575567843,Writer,1,2025-06-03T21:00:00Z,Aurora MySQL,db.r5.large,r5,aurora,0,694.00,44,68,1055,11,5,USD,0.25,175.44,Rightsize,Rightsize,db.r6g.large,r6g,,,2.00000,2.00000,16.00000,16.00000,0,N/A,0,N/A,3500,4750,false,false,true,0.00,0.23,18.64,11.00,,prod,prod,23400,uaid-05824,uaid-05824,,nss,,,,,,,,,nss,,,,,,87
passport-release-1-db-db-qkwuxoow9sul,arn:aws:rds:us-east-1:171596573904:db:pd1vgke9icm3i4u,pd1vgke9icm3i4u,FDAWS Spree,171596573904,Writer,1,2025-06-03T21:00:00Z,Aurora MySQL,db.r4.large,r4,aurora,100,694.00,71,66,834,117,0,USD,0.23,159.00,Rightsize,Rightsize,db.r6g.large,r6g,,,2.00000,2.00000,15.25000,16.00000,0,N/A,0,N/A,400,4750,false,false,true,0.00,0.21,16.45,10.00,,,,,,,,,,,,,,,,,,,,,,,88
passport-release-1-db-db-qkwuxoow9sul,arn:aws:rds:us-east-1:171596573904:db:pdt7pi42yxfv7j,pdt7pi42yxfv7j,FDAWS Spree,171596573904,Reader (Failover),1,2025-06-03T21:00:00Z,Aurora MySQL,db.r4.large,r4,aurora,100,694.00,63,66,4649,609,0,USD,0.23,159.00,Rightsize,Rightsize,db.r6g.large,r6g,,,2.00000,2.00000,15.25000,16.00000,0,N/A,0,N/A,400,4750,false,false,true,0.00,0.21,16.45,10.00,,,,,,,,,,,,,,,,,,,,,,,89
passport-stg-1-db-db-nm32ycynlogx,arn:aws:rds:us-east-1:223031453984:db:pd1dz80n6cvqxgd,pd1dz80n6cvqxgd,fdaws-spree-nimbus-prod,223031453984,Reader (Failover),1,2025-06-03T21:00:00Z,Aurora MySQL,db.r4.large,r4,aurora,100,694.00,66,64,2,0,4,USD,0.23,159.00,Rightsize,Rightsize,db.r6g.large,r6g,,,2.00000,2.00000,15.25000,16.00000,0,N/A,0,N/A,400,4750,false,false,true,0.00,0.21,16.45,10.00,,,,,,,,,,,,,,,,,,,,,,,90
passport-stg-1-db-db-nm32ycynlogx,arn:aws:rds:us-east-1:223031453984:db:pd1h8gdqd1xl9da,pd1h8gdqd1xl9da,fdaws-spree-nimbus-prod,223031453984,Writer,1,2025-06-03T21:00:00Z,Aurora MySQL,db.r4.large,r4,aurora,0,694.00,58,66,768,117,4,USD,0.23,159.00,Rightsize,Rightsize,db.r6g.large,r6g,,,2.00000,2.00000,15.25000,16.00000,0,N/A,0,N/A,400,4750,false,false,true,0.00,0.21,16.45,10.00,,,,,,,,,,,,,,,,,,,,,,,91
passport-dev-1-db-db-1dqsdq6o2lzxd,arn:aws:rds:us-east-1:223031453984:db:pd1k7gzab3bbkjz,pd1k7gzab3bbkjz,fdaws-spree-nimbus-prod,223031453984,Writer,1,2025-06-03T21:00:00Z,Aurora MySQL,db.r4.large,r4,aurora,0,694.00,64,67,780,116,1,USD,0.23,159.00,Rightsize,Rightsize,db.r6g.large,r6g,,,2.00000,2.00000,15.25000,16.00000,0,N/A,0,N/A,400,4750,false,false,true,0.00,0.21,16.45,10.00,,,,,,,,,,,,,,,,,,,,,,,92
passport-dev-1-db-db-1dqsdq6o2lzxd,arn:aws:rds:us-east-1:223031453984:db:pd3bifmtnp6g5b,pd3bifmtnp6g5b,fdaws-spree-nimbus-prod,223031453984,Reader (Failover),1,2025-06-03T21:00:00Z,Aurora MySQL,db.r4.large,r4,aurora,100,694.00,62,66,2,0,1,USD,0.23,159.00,Rightsize,Rightsize,db.r6g.large,r6g,,,2.00000,2.00000,15.25000,16.00000,0,N/A,0,N/A,400,4750,false,false,true,0.00,0.21,16.45,10.00,,,,,,,,,,,,,,,,,,,,,,,93
aurora-svstest-merchant-cluster,arn:aws:rds:us-east-1:243575567843:db:aurora-svstest-merchant,aurora-svstest-merchant,TW SVS,243575567843,Writer,1,2025-06-03T21:00:00Z,Aurora MySQL,db.r5.large,r5,aurora,0,694.00,63,68,1087,16,2,USD,0.23,159.00,Rightsize,Rightsize,db.r6g.large,r6g,,,2.00000,2.00000,16.00000,16.00000,0,N/A,0,N/A,3500,4750,false,false,true,0.00,0.21,16.45,10.00,,prod,prod,23400,uaid-05824,uaid-05824,,nss,,,,,,,,,nss,,,,,,94
aurora-svstest-merchant-cluster,arn:aws:rds:us-east-1:243575567843:db:aurora-svstest-merchant-us-east-1a,aurora-svstest-merchant-us-east-1a,TW SVS,243575567843,Reader (Failover),1,2025-06-03T21:00:00Z,Aurora MySQL,db.r5.large,r5,aurora,100,694.00,57,66,2,0,2,USD,0.23,159.00,Rightsize,Rightsize,db.r6g.large,r6g,,,2.00000,2.00000,16.00000,16.00000,0,N/A,0,N/A,3500,4750,false,false,true,0.00,0.21,16.45,10.00,,prod,prod,23400,uaid-05824,uaid-05824,,nss,,,,,,,,,nss,,,,,,95
aurora-svsus-merchant-cluster,arn:aws:rds:us-east-1:243575567843:db:aurora-svsus-merchant,aurora-svsus-merchant,TW SVS,243575567843,Writer,1,2025-06-03T21:00:00Z,Aurora MySQL,db.r5.large,r5,aurora,0,694.00,58,70,1125,10,5,USD,0.23,159.00,Rightsize,Rightsize,db.r6g.large,r6g,,,2.00000,2.00000,16.00000,16.00000,0,N/A,0,N/A,3500,4750,false,false,true,0.00,0.21,16.45,10.00,,prod,prod,23400,uaid-05824,uaid-05824,,nss,,,,,,,,,nss,,,,,,96
aurora-svsus-merchant-cluster,arn:aws:rds:us-east-1:243575567843:db:aurora-svsus-merchant-us-east-1a,aurora-svsus-merchant-us-east-1a,TW SVS,243575567843,Reader (Failover),1,2025-06-03T21:00:00Z,Aurora MySQL,db.r5.large,r5,aurora,100,694.00,62,67,2,0,5,USD,0.23,159.00,Rightsize,Rightsize,db.r6g.large,r6g,,,2.00000,2.00000,16.00000,16.00000,0,N/A,0,N/A,3500,4750,false,false,true,0.00,0.21,16.45,10.00,,prod,prod,23400,uaid-05824,uaid-05824,,nss,,,,,,,,,nss,,,,,,97
bts-dev-merchant-db-east-global-cluster-1,arn:aws:rds:us-east-1:446589977811:db:bts-dev-merchant-db-east-global-instance-1,bts-dev-merchant-db-east-global-instance-1,FDAWS BusinessTrack Nonprod,446589977811,Reader,1,2025-06-03T21:00:00Z,Aurora MySQL,db.r4.large,r4,aurora,0,694.00,65,65,32,4,40,USD,0.23,159.00,Rightsize,Rightsize,db.r6g.large,r6g,,,2.00000,2.00000,15.25000,16.00000,0,N/A,0,N/A,400,4750,false,false,true,0.00,0.21,16.45,10.00,,nonprod,nonprod,500,uaid-02135,uaid-02135,,gbs - rocco,,,,,,,,,gbs - rocco,,,,,,98
bts-dev-merchant-db-east-global-cluster-1-new,arn:aws:rds:us-east-1:446589977811:db:bts-dev-merchant-db-east-global-instance-1-new,bts-dev-merchant-db-east-global-instance-1-new,FDAWS BusinessTrack Nonprod,446589977811,Reader,1,2025-06-03T21:00:00Z,Aurora MySQL,db.r4.large,r4,aurora,100,694.00,71,67,3,0,0,USD,0.23,159.00,Rightsize,Rightsize,db.r6g.large,r6g,,,2.00000,2.00000,15.25000,16.00000,0,N/A,0,N/A,400,4750,false,false,true,0.00,0.21,16.45,10.00,,nonprod,nonprod,500,uaid-02135,uaid-02135,,gbs - rocco,,,,,,,,,gbs - rocco,,,,,,99
bts-qa-merchant-db-east-global-cluster-1,arn:aws:rds:us-east-1:446589977811:db:bts-qa-merchant-db-east-global-instance-1,bts-qa-merchant-db-east-global-instance-1,FDAWS BusinessTrack Nonprod,446589977811,Reader,1,2025-06-03T21:00:00Z,Aurora MySQL,db.r4.large,r4,aurora,0,694.00,67,64,146,19,40,USD,0.23,159.00,Rightsize,Rightsize,db.r6g.large,r6g,,,2.00000,2.00000,15.25000,16.00000,0,N/A,0,N/A,400,4750,false,false,true,0.00,0.21,16.45,10.00,,nonprod,nonprod,500,uaid-02135,uaid-02135,,gbs - rocco,,,,,,,,,gbs - rocco,,,,,,100
dev-miamdb-instance-1-cluster-1,arn:aws:rds:us-east-1:871418687315:db:dev-miamdb-instance-1,dev-miamdb-instance-1,FDAWS Merchant IAM Nonprod,871418687315,Reader,1,2025-06-03T21:00:00Z,Aurora MySQL,db.r4.large,r4,aurora,0,694.00,61,64,1245,163,69,USD,0.23,159.00,Rightsize,Rightsize,db.r6g.large,r6g,,,2.00000,2.00000,15.25000,16.00000,0,N/A,0,N/A,400,4750,false,false,true,0.00,0.21,16.45,10.00,,nonprod,nonprod,500,uaid-05652,uaid-05652,,gbs - rocco,,,,,,,,,gbs - rocco,,,,,,101
qa-miamdb-instance-1-cluster-1,arn:aws:rds:us-east-1:871418687315:db:qa-miamdb-instance-1,qa-miamdb-instance-1,FDAWS Merchant IAM Nonprod,871418687315,Reader,1,2025-06-03T21:00:00Z,Aurora MySQL,db.r4.large,r4,aurora,0,694.00,53,66,1404,184,46,USD,0.23,159.00,Rightsize,Rightsize,db.r6g.large,r6g,,,2.00000,2.00000,15.25000,16.00000,0,N/A,0,N/A,400,4750,false,false,true,0.00,0.21,16.45,10.00,,nonprod,nonprod,500,uaid-05652,uaid-05652,,gbs - rocco,,,,,,,,,gbs - rocco,,,,,,102
wgiftcard-aurora-merchant-dev-cluster,arn:aws:rds:us-east-1:958612202038:db:wgiftcard-aurora-merchant-dev,wgiftcard-aurora-merchant-dev,FDAWS Gift Solutions - Prod,958612202038,Writer,1,2025-06-03T21:00:00Z,Aurora MySQL,db.r5.large,r5,aurora,0,694.00,64,70,745,27,31,USD,0.23,159.00,Rightsize,Rightsize,db.r6g.large,r6g,,,2.00000,2.00000,16.00000,16.00000,0,N/A,0,N/A,3500,4750,false,false,true,0.00,0.21,16.45,10.00,,prod,prod,49200,uaid-05823,uaid-05823,,nss,,,,,,,,,nss,,,,,,103
wgiftcard-aurora-merchant-test-cluster,arn:aws:rds:us-east-1:958612202038:db:wgiftcard-aurora-merchant-test,wgiftcard-aurora-merchant-test,FDAWS Gift Solutions - Prod,958612202038,Reader (Failover),1,2025-06-03T21:00:00Z,Aurora MySQL,db.r5.large,r5,aurora,100,694.00,64,68,2,0,40,USD,0.23,159.00,Rightsize,Rightsize,db.r6g.large,r6g,,,2.00000,2.00000,16.00000,16.00000,0,N/A,0,N/A,3500,4750,false,false,true,0.00,0.21,16.45,10.00,,prod,prod,49200,uaid-05823,uaid-05823,,nss,,,,,,,,,nss,,,,,,104
wgiftcard-aurora-merchant-test-cluster,arn:aws:rds:us-east-1:958612202038:db:wgiftcard-aurora-merchant-test-us-east-1e,wgiftcard-aurora-merchant-test-us-east-1e,FDAWS Gift Solutions - Prod,958612202038,Writer,1,2025-06-03T21:00:00Z,Aurora MySQL,db.r5.large,r5,aurora,0,694.00,60,75,1202,15,40,USD,0.23,159.00,Rightsize,Rightsize,db.r6g.large,r6g,,,2.00000,2.00000,16.00000,16.00000,0,N/A,0,N/A,3500,4750,false,false,true,0.00,0.21,16.45,10.00,,prod,prod,49200,uaid-05823,uaid-05823,,nss,,,,,,,,,nss,,,,,,105
wgiftcard-aurora-storefront-dev-cluster,arn:aws:rds:us-east-1:958612202038:db:wgiftcard-aurora-storefront-dev,wgiftcard-aurora-storefront-dev,FDAWS Gift Solutions - Prod,958612202038,Writer,1,2025-06-03T21:00:00Z,Aurora MySQL,db.r5.large,r5,aurora,0,694.00,35,78,1855,38,37,USD,0.23,159.00,Rightsize,Rightsize,db.r6g.large,r6g,,,2.00000,2.00000,16.00000,16.00000,0,N/A,0,N/A,3500,4750,false,false,true,0.00,0.21,16.45,10.00,,prod,prod,49200,uaid-05823,uaid-05823,,nss,,,,,,,,,nss,,,,,,106
wgiftcard-aurora-storefront-production-cluster,arn:aws:rds:us-east-1:958612202038:db:wgiftcard-aurora-storefront-production,wgiftcard-aurora-storefront-production,FDAWS Gift Solutions - Prod,958612202038,Writer,1,2025-06-03T21:00:00Z,Aurora MySQL,db.r5.large,r5,aurora,0,694.00,64,80,89507,1944,32,USD,0.23,159.00,Rightsize,Rightsize,db.r6g.large,r6g,,,2.00000,2.00000,16.00000,16.00000,0,N/A,0,N/A,3500,4750,false,false,true,0.00,0.21,16.45,10.00,,prod,prod,49200,uaid-05823,uaid-05823,,nss,,,,,,,,,nss,,,,,,107
wgiftcard-aurora-storefront-production-cluster,arn:aws:rds:us-east-1:958612202038:db:wgiftcard-aurora-storefront-production-us-east-1b,wgiftcard-aurora-storefront-production-us-east-1b,FDAWS Gift Solutions - Prod,958612202038,Reader (Failover),1,2025-06-03T21:00:00Z,Aurora MySQL,db.r5.large,r5,aurora,0,694.00,65,68,723,95,32,USD,0.23,159.00,Rightsize,Rightsize,db.r6g.large,r6g,,,2.00000,2.00000,16.00000,16.00000,0,N/A,0,N/A,3500,4750,false,false,true,0.00,0.21,16.45,10.00,,prod,prod,49200,uaid-05823,uaid-05823,,nss,,,,,,,,,nss,,,,,,108
wgiftcard-aurora-storefront-test-cluster,arn:aws:rds:us-east-1:958612202038:db:wgiftcard-aurora-storefront-test,wgiftcard-aurora-storefront-test,FDAWS Gift Solutions - Prod,958612202038,Writer,1,2025-06-03T21:00:00Z,Aurora MySQL,db.r5.large,r5,aurora,0,694.00,33,73,53896,237,46,USD,0.23,159.00,Rightsize,Rightsize,db.r6g.large,r6g,,,2.00000,2.00000,16.00000,16.00000,0,N/A,0,N/A,3500,4750,false,false,true,0.00,0.21,16.45,10.00,,prod,prod,49200,uaid-05823,uaid-05823,,nss,,,,,,,,,nss,,,,,,109
wgiftcard-aurora-storefront-test-cluster,arn:aws:rds:us-east-1:958612202038:db:wgiftcard-aurora-storefront-test-us-east-1e,wgiftcard-aurora-storefront-test-us-east-1e,FDAWS Gift Solutions - Prod,958612202038,Reader (Failover),1,2025-06-03T21:00:00Z,Aurora MySQL,db.r5.large,r5,aurora,100,694.00,59,66,2,0,46,USD,0.23,159.00,Rightsize,Rightsize,db.r6g.large,r6g,,,2.00000,2.00000,16.00000,16.00000,0,N/A,0,N/A,3500,4750,false,false,true,0.00,0.21,16.45,10.00,,prod,prod,49200,uaid-05823,uaid-05823,,nss,,,,,,,,,nss,,,,,,110
bts-dev-merchant-db-test-cluster,arn:aws:rds:us-west-2:446589977811:db:bts-dev-merchant-db-test-cluster,bts-dev-merchant-db-test-cluster,FDAWS BusinessTrack Nonprod,446589977811,Writer,1,2025-06-03T21:00:00Z,Aurora MySQL,db.r4.large,r4,aurora,100,694.00,44,66,369,116,0,USD,0.23,159.00,Rightsize,Rightsize,db.r6g.large,r6g,,,2.00000,2.00000,15.25000,16.00000,0,N/A,0,N/A,400,4750,false,false,true,0.00,0.21,16.45,10.00,,nonprod,nonprod,500,uaid-02135,uaid-02135,,gbs - rocco,,,,,,,,,gbs - rocco,,,,,,111
bts-dev-merchant-db-west-global-cluster-new-cluster,arn:aws:rds:us-west-2:446589977811:db:bts-dev-merchant-db-west-global-cluster-new,bts-dev-merchant-db-west-global-cluster-new,FDAWS BusinessTrack Nonprod,446589977811,Writer,1,2025-06-03T21:00:00Z,Aurora MySQL,db.r4.large,r4,aurora,100,694.00,57,67,804,116,0,USD,0.23,159.00,Rightsize,Rightsize,db.r6g.large,r6g,,,2.00000,2.00000,15.25000,16.00000,0,N/A,0,N/A,400,4750,false,false,true,0.00,0.21,16.45,10.00,,nonprod,nonprod,500,uaid-02135,uaid-02135,,gbs - rocco,,,,,,,,,gbs - rocco,,,,,,112
bts-dev-merchant-db-west-global-cluster,arn:aws:rds:us-west-2:446589977811:db:bts-dev-merchant-db-west-global-instance-1,bts-dev-merchant-db-west-global-instance-1,FDAWS BusinessTrack Nonprod,446589977811,Writer,1,2025-06-03T21:00:00Z,Aurora MySQL,db.r4.large,r4,aurora,0,694.00,74,69,440290,57710,60,USD,0.23,159.00,Rightsize,Rightsize,db.r6g.large,r6g,,,2.00000,2.00000,15.25000,16.00000,0,N/A,0,N/A,400,4750,false,false,true,0.00,0.21,16.45,10.00,,nonprod,nonprod,500,uaid-02135,uaid-02135,,gbs - rocco,,,,,,,,,gbs - rocco,,,,,,113
bts-dev-merchant-db-west-test-cluster,arn:aws:rds:us-west-2:446589977811:db:bts-dev-merchant-db-west-test-cluster,bts-dev-merchant-db-west-test-cluster,FDAWS BusinessTrack Nonprod,446589977811,Writer,1,2025-06-03T21:00:00Z,Aurora MySQL,db.r4.large,r4,aurora,100,694.00,56,66,340,115,0,USD,0.23,159.00,Rightsize,Rightsize,db.r6g.large,r6g,,,2.00000,2.00000,15.25000,16.00000,0,N/A,0,N/A,400,4750,false,false,true,0.00,0.21,16.45,10.00,,nonprod,nonprod,500,uaid-02135,uaid-02135,,gbs - rocco,,,,,,,,,gbs - rocco,,,,,,114
bts-qa-merchant-db-west-global-cluster,arn:aws:rds:us-west-2:446589977811:db:bts-qa-merchant-db-west-global-instance-1,bts-qa-merchant-db-west-global-instance-1,FDAWS BusinessTrack Nonprod,446589977811,Writer,1,2025-06-03T21:00:00Z,Aurora MySQL,db.r4.large,r4,aurora,0,694.00,65,67,2395,8,63,USD,0.23,159.00,Rightsize,Rightsize,db.r6g.large,r6g,,,2.00000,2.00000,15.25000,16.00000,0,N/A,0,N/A,400,4750,false,false,true,0.00,0.21,16.45,10.00,,nonprod,nonprod,500,uaid-02135,uaid-02135,,gbs - rocco,,,,,,,,,gbs - rocco,,,,,,115
dev-miamdb-instance-1-cluster,arn:aws:rds:us-west-2:871418687315:db:dev-miamdb-instance-1,dev-miamdb-instance-1,FDAWS Merchant IAM Nonprod,871418687315,Writer,1,2025-06-03T21:00:00Z,Aurora MySQL,db.r4.large,r4,aurora,0,694.00,51,72,6627,409,122,USD,0.23,159.00,Rightsize,Rightsize,db.r6g.large,r6g,,,2.00000,2.00000,15.25000,16.00000,0,N/A,0,N/A,400,4750,false,false,true,0.00,0.21,16.45,10.00,,nonprod,nonprod,500,uaid-05652,uaid-05652,,gbs - rocco,,,,,,,,,gbs - rocco,,,,,,116
qa-miamdb-instance-1-cluster,arn:aws:rds:us-west-2:871418687315:db:qa-miamdb-instance-1,qa-miamdb-instance-1,FDAWS Merchant IAM Nonprod,871418687315,Writer,1,2025-06-03T21:00:00Z,Aurora MySQL,db.r4.large,r4,aurora,0,694.00,100,74,28017,2982,168,USD,0.23,159.00,Rightsize,Rightsize,db.r6g.large,r6g,,,2.00000,2.00000,15.25000,16.00000,0,N/A,0,N/A,400,4750,false,false,true,0.00,0.21,16.45,10.00,,nonprod,nonprod,500,uaid-05652,uaid-05652,,gbs - rocco,,,,,,,,,gbs - rocco,,,,,,117
t3cert-nonprod-aurora-cluster,arn:aws:rds:us-east-1:249316530446:db:t3cert-nonprod-aurora,t3cert-nonprod-aurora,fdaws-emv-certification-nonprod,249316530446,Writer,1,2025-06-03T21:00:00Z,Aurora PostgreSQL,db.r5.large,r5,aurora,0,607.74,100,99,20646755,222355,26,USD,0.23,139.23,Rightsize,Rightsize,db.r6g.large,r6g,,,2.00000,2.00000,16.00000,16.00000,0,N/A,0,N/A,3500,4750,false,false,true,0.00,0.21,14.40,10.00,,nonprod,nonprod,500,uaid-06331,uaid-06331,,gbs,,,,,,,,,gbs,,,,,,118
N/A,arn:aws:rds:us-west-2:446589977811:db:django-blog,django-blog,FDAWS BusinessTrack Nonprod,446589977811,Instance,,2025-06-03T21:00:00Z,PostgreSQL,db.t3.micro,t3,gp2,100,694.00,51,88,1975,1821,0,USD,0.01,11.57,Terminate,Terminate,db.t3.micro,t3,Terminate,gp2,0.20000,0.20000,1.00000,1.00000,100,100,20,20,2085,2085,false,true,true,0.00,0.01,11.57,100.00,,nonprod,nonprod,500,uaid-02135,uaid-02135,,gbs - rocco,,,,,,,,,gbs - rocco,,,,,,119
aurora-svseu-storefront-cluster,arn:aws:rds:eu-west-1:243575567843:db:aurora-svseu-storefront,aurora-svseu-storefront,TW SVS,243575567843,Reader (Failover),1,2025-06-03T21:00:00Z,Aurora MySQL,db.t3.medium,t3,aurora,100,694.00,65,68,2,0,8,USD,0.07,48.25,Rightsize,Rightsize,db.t4g.medium,t4g,,,0.40000,0.40000,4.00000,4.00000,0,N/A,0,N/A,2085,2085,false,false,true,0.00,0.06,5.48,11.00,,prod,prod,23400,uaid-05824,uaid-05824,,nss,,,,,,,,,nss,,,,,,120
aurora-svseu-storefront-cluster,arn:aws:rds:eu-west-1:243575567843:db:aurora-svseu-storefront-eu-west-1a,aurora-svseu-storefront-eu-west-1a,TW SVS,243575567843,Writer,1,2025-06-03T21:00:00Z,Aurora MySQL,db.t3.medium,t3,aurora,0,694.00,64,75,11845,42,8,USD,0.07,48.25,Rightsize,Rightsize,db.t4g.medium,t4g,,,0.40000,0.40000,4.00000,4.00000,0,N/A,0,N/A,2085,2085,false,false,true,0.00,0.06,5.48,11.00,,prod,prod,23400,uaid-05824,uaid-05824,,nss,,,,,,,,,nss,,,,,,121
aurora-svstest-storefront-cluster,arn:aws:rds:us-east-1:243575567843:db:aurora-svstest-storefront,aurora-svstest-storefront,TW SVS,243575567843,Reader (Failover),1,2025-06-03T21:00:00Z,Aurora MySQL,db.t3.medium,t3,aurora,100,694.00,59,70,2,0,8,USD,0.06,44.96,Rightsize,Rightsize,db.t4g.medium,t4g,,,0.40000,0.40000,4.00000,4.00000,0,N/A,0,N/A,2085,2085,false,false,true,0.00,0.06,4.93,11.00,,prod,prod,23400,uaid-05824,uaid-05824,,nss,,,,,,,,,nss,,,,,,122
aurora-svstest-storefront-cluster,arn:aws:rds:us-east-1:243575567843:db:aurora-svstest-storefront-us-east-1a,aurora-svstest-storefront-us-east-1a,TW SVS,243575567843,Writer,1,2025-06-03T21:00:00Z,Aurora MySQL,db.t3.medium,t3,aurora,0,694.00,59,83,12760,49,8,USD,0.06,44.96,Rightsize,Rightsize,db.t4g.medium,t4g,,,0.40000,0.40000,4.00000,4.00000,0,N/A,0,N/A,2085,2085,false,false,true,0.00,0.06,4.93,11.00,,prod,prod,23400,uaid-05824,uaid-05824,,nss,,,,,,,,,nss,,,,,,123
sbox-gsg,arn:aws:rds:us-east-1:628913298676:db:sbox-gsg,sbox-gsg,FDAWS Gift Solutions Dev (wgiftcard-dev),628913298676,Writer,0,2025-06-03T21:00:00Z,Aurora MySQL,db.t3.medium,t3,aurora,0,694.00,63,72,771,8,1,USD,0.06,44.96,Rightsize,Rightsize,db.t4g.medium,t4g,,,0.40000,0.40000,4.00000,4.00000,0,N/A,0,N/A,2085,2085,false,false,true,0.00,0.06,4.93,11.00,,nonprod,nonprod,2400,uaid-05823,uaid-05823,,nss,,,,,,,,,nss,,,,,,124
sbox-gsg,arn:aws:rds:us-east-1:628913298676:db:sbox-gsg-us-east-1b,sbox-gsg-us-east-1b,FDAWS Gift Solutions Dev (wgiftcard-dev),628913298676,Reader (Failover),0,2025-06-03T21:00:00Z,Aurora MySQL,db.t3.medium,t3,aurora,100,694.00,61,68,2,0,1,USD,0.06,44.96,Rightsize,Rightsize,db.t4g.medium,t4g,,,0.40000,0.40000,4.00000,4.00000,0,N/A,0,N/A,2085,2085,false,false,true,0.00,0.06,4.93,11.00,,nonprod,nonprod,2400,uaid-05823,uaid-05823,,nss,,,,,,,,,nss,,,,,,125
wgiftcard-aurora-dev-cluster,arn:aws:rds:us-east-1:958612202038:db:wgiftcard-aurora-dev,wgiftcard-aurora-dev,FDAWS Gift Solutions - Prod,958612202038,Writer,1,2025-06-03T22:00:00Z,Aurora MySQL,db.t3.medium,t3,aurora,0,694.00,64,89,17396,2280,94,USD,0.06,44.96,Rightsize,Rightsize,db.t4g.medium,t4g,,,0.40000,0.40000,4.00000,4.00000,0,N/A,0,N/A,2085,2085,false,false,true,0.00,0.06,4.93,11.00,,prod,prod,49200,uaid-05823,uaid-05823,,nss,,,,,,,,,nss,,,,,,126
wgiftcard-aurora-gfender-dev-cluster,arn:aws:rds:us-east-1:958612202038:db:wgiftcard-aurora-gfender-dev,wgiftcard-aurora-gfender-dev,FDAWS Gift Solutions - Prod,958612202038,Writer,1,2025-06-03T21:00:00Z,Aurora MySQL,db.t3.medium,t3,aurora,0,694.00,63,87,5098,160,19,USD,0.06,44.96,Rightsize,Rightsize,db.t4g.medium,t4g,,,0.40000,0.40000,4.00000,4.00000,0,N/A,0,N/A,2085,2085,false,false,true,0.00,0.06,4.93,11.00,,prod,prod,49200,uaid-05823,uaid-05823,,nss,,,,,,,,,nss,,,,,,127
wgiftcard-aurora-gfender-test-cluster,arn:aws:rds:us-east-1:958612202038:db:wgiftcard-aurora-gfender-test,wgiftcard-aurora-gfender-test,FDAWS Gift Solutions - Prod,958612202038,Writer,1,2025-06-03T22:00:00Z,Aurora MySQL,db.t3.medium,t3,aurora,0,694.00,69,88,190000,3026,18,USD,0.06,44.96,Rightsize,Rightsize,db.t4g.medium,t4g,,,0.40000,0.40000,4.00000,4.00000,0,N/A,0,N/A,2085,2085,false,false,true,0.00,0.06,4.93,11.00,,prod,prod,49200,uaid-05823,uaid-05823,,nss,,,,,,,,,nss,,,,,,128
wgiftcard-aurora-gfender-test-cluster,arn:aws:rds:us-east-1:958612202038:db:wgiftcard-aurora-gfender-test-us-east-1e,wgiftcard-aurora-gfender-test-us-east-1e,FDAWS Gift Solutions - Prod,958612202038,Reader (Failover),1,2025-06-03T21:00:00Z,Aurora MySQL,db.t3.medium,t3,aurora,0,694.00,59,73,133,17,18,USD,0.06,44.96,Rightsize,Rightsize,db.t4g.medium,t4g,,,0.40000,0.40000,4.00000,4.00000,0,N/A,0,N/A,2085,2085,false,false,true,0.00,0.06,4.93,11.00,,prod,prod,49200,uaid-05823,uaid-05823,,nss,,,,,,,,,nss,,,,,,129
cert-hyperon-db-cluster,arn:aws:rds:us-west-2:251479011859:db:cert-hyperon-db-secondary-instance,cert-hyperon-db-secondary-instance,fdaws-marketplace-nonprod,251479011859,Writer,0,2025-06-03T21:00:00Z,Aurora PostgreSQL,db.t3.medium,t3,aurora,0,694.00,64,41,5579,63,3,USD,0.06,44.96,Rightsize,Rightsize,db.t4g.medium,t4g,,,0.40000,0.40000,4.00000,4.00000,0,N/A,0,N/A,2085,2085,false,false,true,0.00,0.06,4.93,11.00,,prod,cert,500,uaid-02824+uaid-04538+uaid-04900,infrastructure,,gbs - rocco,,,,,,infrastructure,,,gbs - rocco,,,,,,130
N/A,arn:aws:rds:us-east-1:446589977811:db:bts-dev-api-gateway-east,bts-dev-api-gateway-east,FDAWS BusinessTrack Nonprod,446589977811,Instance,,2025-06-03T21:00:00Z,PostgreSQL,db.t3.small,t3,gp2,0,694.00,54,47,2000,1826,4,USD,0.03,28.24,Rightsize,Rightsize,db.t4g.small,t4g,No Action,gp2,0.40000,0.40000,2.00000,2.00000,300,300,100,100,2085,2085,false,false,true,0.00,0.03,2.19,8.00,,nonprod,nonprod,500,uaid-02135,uaid-05236,,gbs - rocco,,,,,,uaid-05236,,,gbs - rocco,,,,,,131
N/A,arn:aws:rds:us-east-1:446589977811:db:bts-qa-api-gateway-east,bts-qa-api-gateway-east,FDAWS BusinessTrack Nonprod,446589977811,Instance,,2025-06-03T21:00:00Z,PostgreSQL,db.t3.small,t3,gp2,0,694.00,51,47,1984,1824,4,USD,0.03,28.24,Rightsize,Rightsize,db.t4g.small,t4g,No Action,gp2,0.40000,0.40000,2.00000,2.00000,300,300,100,100,2085,2085,false,false,true,0.00,0.03,2.19,8.00,,nonprod,nonprod,500,uaid-02135,uaid-05236,,gbs - rocco,,,,,,uaid-05236,,,gbs - rocco,,,,,,132
N/A,arn:aws:rds:us-west-2:251479011859:db:cert-api-gateway,cert-api-gateway,fdaws-marketplace-nonprod,251479011859,Instance,,2025-06-03T21:00:00Z,PostgreSQL,db.t3.small,t3,gp2,0,694.00,60,46,2001,1823,3,USD,0.03,33.60,Rightsize,Rightsize,db.t4g.small,t4g,No Action,gp2,0.40000,0.40000,2.00000,2.00000,489,489,163,163,2085,2085,false,false,true,0.00,0.03,2.19,7.00,,prod,prod,500,uaid-02824+uaid-04538+uaid-04900,uaid-02824+uaid-04538+uaid-04900,,gbs - rocco,,,,,,,,,gbs - rocco,,,,,,133
N/A,arn:aws:rds:us-west-2:446589977811:db:bts-dev-api-gateway-west,bts-dev-api-gateway-west,FDAWS BusinessTrack Nonprod,446589977811,Instance,,2025-06-03T21:00:00Z,PostgreSQL,db.t3.small,t3,gp2,0,694.00,53,47,2003,1825,5,USD,0.03,28.24,Rightsize,Rightsize,db.t4g.small,t4g,No Action,gp2,0.40000,0.40000,2.00000,2.00000,300,300,100,100,2085,2085,false,false,true,0.00,0.03,2.19,8.00,,nonprod,nonprod,500,uaid-02135,uaid-05236,,gbs - rocco,,,,,,uaid-05236,,,gbs - rocco,,,,,,134
N/A,arn:aws:rds:us-west-2:446589977811:db:bts-qa-api-gateway-west,bts-qa-api-gateway-west,FDAWS BusinessTrack Nonprod,446589977811,Instance,,2025-06-03T21:00:00Z,PostgreSQL,db.t3.small,t3,gp2,0,694.00,62,46,1246,932,6,USD,0.03,28.24,Rightsize,Rightsize,db.t4g.small,t4g,No Action,gp2,0.40000,0.40000,2.00000,2.00000,300,300,100,100,2085,2085,false,false,true,0.00,0.03,2.19,8.00,,nonprod,nonprod,500,uaid-02135,uaid-05236,,gbs - rocco,,,,,,uaid-05236,,,gbs - rocco,,,,,,135
N/A,arn:aws:rds:us-east-1:609417357042:db:gyft,gyft,Gyft Staging,609417357042,Instance,,2025-06-03T22:00:00Z,MySQL,db.t3.medium,t3,gp3,0,694.00,79,94,28790,3158,154,USD,0.05,54.29,Rightsize,Rightsize,db.t4g.medium,t4g,No Action,gp3,0.40000,0.40000,4.00000,4.00000,3000,3000,200,200,2085,2085,false,false,true,0.00,0.05,1.64,3.00,,nonprod,nonprod,4200,uaid-05824,uaid-05824,,nss,,,,,,,,,nss,,,,,,136
N/A,arn:aws:rds:us-east-1:609417357042:db:gyft-replica,gyft-replica,Gyft Staging,609417357042,Instance,,2025-06-03T21:00:00Z,MySQL,db.t3.medium,t3,gp3,0,694.00,81,87,19223,1333,19,USD,0.05,45.78,Rightsize,Rightsize,db.t4g.medium,t4g,No Action,gp3,0.40000,0.40000,4.00000,4.00000,3000,3000,100,100,2085,2085,false,false,true,0.00,0.05,1.64,4.00,,nonprod,nonprod,4200,uaid-05824,uaid-05824,,nss,,,,,,,,,nss,,,,,,137
wgiftcard-aurora-merchant-eu-cluster,arn:aws:rds:eu-west-1:958612202038:db:wgiftcard-aurora-merchant-eu,wgiftcard-aurora-merchant-eu,FDAWS Gift Solutions - Prod,958612202038,Writer,1,2025-06-03T21:00:00Z,Aurora MySQL,db.t3.small,t3,aurora,0,694.00,58,87,1115,11,5,USD,0.03,24.12,No Action,No Action,db.t3.small,t3,,,0.40000,0.40000,2.00000,2.00000,0,N/A,0,N/A,2085,2085,false,true,true,0.00,0.03,0.00,0.00,,prod,prod,49200,uaid-05823,uaid-05823,,nss,,,,,,,,,nss,,,,,,138
wgiftcard-aurora-merchant-eu-cluster,arn:aws:rds:eu-west-1:958612202038:db:wgiftcard-aurora-merchant-eu-eu-west-1c,wgiftcard-aurora-merchant-eu-eu-west-1c,FDAWS Gift Solutions - Prod,958612202038,Reader (Failover),1,2025-06-03T21:00:00Z,Aurora MySQL,db.t3.small,t3,aurora,100,694.00,62,78,2,0,5,USD,0.03,24.12,No Action,No Action,db.t3.small,t3,,,0.40000,0.40000,2.00000,2.00000,0,N/A,0,N/A,2085,2085,false,true,true,0.00,0.03,0.00,0.00,,prod,prod,49200,uaid-05823,uaid-05823,,nss,,,,,,,,,nss,,,,,,139
wgiftcard-storefront-eu,arn:aws:rds:eu-west-1:958612202038:db:wgiftcard-storefront-eu,wgiftcard-storefront-eu,FDAWS Gift Solutions - Prod,958612202038,Reader (Failover),0,2025-06-03T21:00:00Z,Aurora MySQL,db.t3.small,t3,aurora,100,694.00,16,80,2,0,26,USD,0.03,24.12,No Action,No Action,db.t3.small,t3,,,0.40000,0.40000,2.00000,2.00000,0,N/A,0,N/A,2085,2085,false,true,true,0.00,0.03,0.00,0.00,,prod,prod,49200,uaid-05823,uaid-05823,,nss,,,,,,,,,nss,,,,,,140
wgiftcard-storefront-eu,arn:aws:rds:eu-west-1:958612202038:db:wgiftcard-storefront-eu-eu-west-1a,wgiftcard-storefront-eu-eu-west-1a,FDAWS Gift Solutions - Prod,958612202038,Writer,0,2025-06-03T21:00:00Z,Aurora MySQL,db.t3.small,t3,aurora,0,694.00,67,89,1405,47,26,USD,0.03,24.12,No Action,No Action,db.t3.small,t3,,,0.40000,0.40000,2.00000,2.00000,0,N/A,0,N/A,2085,2085,false,true,true,0.00,0.03,0.00,0.00,,prod,prod,49200,uaid-05823,uaid-05823,,nss,,,,,,,,,nss,,,,,,141
passport-qa-1-db-db-n984ikt926ql,arn:aws:rds:us-east-1:223031453984:db:pd1p9azwu7ll1y,pd1p9azwu7ll1y,fdaws-spree-nimbus-prod,223031453984,Writer,1,2025-06-03T21:00:00Z,Aurora MySQL,db.t2.small,t2,aurora,0,694.00,91,83,759,116,2,USD,0.03,22.48,No Action,No Action,db.t2.small,t2,,,0.20000,0.20000,2.00000,2.00000,0,N/A,0,N/A,N/A,N/A,true,true,true,0.00,0.03,0.00,0.00,,,,,,,,,,,,,,,,,,,,,,,142
passport-qa-1-db-db-n984ikt926ql,arn:aws:rds:us-east-1:223031453984:db:pd82zxa7l5zbp1,pd82zxa7l5zbp1,fdaws-spree-nimbus-prod,223031453984,Reader (Failover),1,2025-06-03T21:00:00Z,Aurora MySQL,db.t2.small,t2,aurora,100,694.00,87,78,2,0,2,USD,0.03,22.48,No Action,No Action,db.t2.small,t2,,,0.20000,0.20000,2.00000,2.00000,0,N/A,0,N/A,N/A,N/A,true,true,true,0.00,0.03,0.00,0.00,,,,,,,,,,,,,,,,,,,,,,,143
aurora-svsus-storefront-cluster,arn:aws:rds:us-east-1:243575567843:db:aurora-svsus-storefront,aurora-svsus-storefront,TW SVS,243575567843,Reader (Failover),1,2025-06-03T21:00:00Z,Aurora MySQL,db.t3.small,t3,aurora,100,694.00,60,79,2,0,9,USD,0.03,22.48,No Action,No Action,db.t3.small,t3,,,0.40000,0.40000,2.00000,2.00000,0,N/A,0,N/A,2085,2085,false,true,true,0.00,0.03,0.00,0.00,,prod,prod,23400,uaid-05824,uaid-05824,,nss,,,,,,,,,nss,,,,,,144
aurora-svsus-storefront-cluster,arn:aws:rds:us-east-1:243575567843:db:aurora-svsus-storefront-us-east-1c,aurora-svsus-storefront-us-east-1c,TW SVS,243575567843,Writer,1,2025-06-03T21:00:00Z,Aurora MySQL,db.t3.small,t3,aurora,0,694.00,64,94,109701,14379,9,USD,0.03,22.48,No Action,No Action,db.t3.small,t3,,,0.40000,0.40000,2.00000,2.00000,0,N/A,0,N/A,2085,2085,false,true,true,0.00,0.03,0.00,0.00,,prod,prod,23400,uaid-05824,uaid-05824,,nss,,,,,,,,,nss,,,,,,145
N/A,arn:aws:rds:us-east-1:445111228619:db:sroqainst,sroqainst,fdaws-smartrouting-nonprod,445111228619,Instance,,2025-06-03T21:00:00Z,Oracle,db.m5.xlarge,m5,gp3,0,694.00,100,99,804423,419481,694,USD,0.54,1593.99,No Action,No Action,db.m5.xlarge,m5,No Action,gp3,4.00000,4.00000,16.00000,16.00000,12000,12000,7168,7168,2120,2120,false,true,true,0.00,0.54,0.00,0.00,,,,,,,,,,,,,,,,,,,,,,,146
gsg-production-cluster,arn:aws:rds:us-east-1:958612202038:db:gsg-production,gsg-production,FDAWS Gift Solutions - Prod,958612202038,Writer,1,2025-06-03T21:00:00Z,Aurora MySQL,db.t3.small,t3,aurora,0,694.00,60,89,747,117,3,USD,0.03,22.48,No Action,No Action,db.t3.small,t3,,,0.40000,0.40000,2.00000,2.00000,0,N/A,0,N/A,2085,2085,false,true,true,0.00,0.03,0.00,0.00,,prod,prod,49200,uaid-05823,uaid-05823,,nss,,,,,,,,,nss,,,,,,147
gsg-production-cluster,arn:aws:rds:us-east-1:958612202038:db:gsg-production-us-east-1d,gsg-production-us-east-1d,FDAWS Gift Solutions - Prod,958612202038,Reader (Failover),1,2025-06-03T21:00:00Z,Aurora MySQL,db.t3.small,t3,aurora,100,694.00,56,79,2,0,3,USD,0.03,22.48,No Action,No Action,db.t3.small,t3,,,0.40000,0.40000,2.00000,2.00000,0,N/A,0,N/A,2085,2085,false,true,true,0.00,0.03,0.00,0.00,,prod,prod,49200,uaid-05823,uaid-05823,,nss,,,,,,,,,nss,,,,,,148
wgiftcard-conversion-production,arn:aws:rds:us-east-1:958612202038:db:wgiftcard-conversion-production-us-east-1b,wgiftcard-conversion-production-us-east-1b,FDAWS Gift Solutions - Prod,958612202038,Writer,0,2025-06-03T21:00:00Z,Aurora MySQL,db.t3.small,t3,aurora,0,694.00,67,88,1198,46,1,USD,0.03,22.48,No Action,No Action,db.t3.small,t3,,,0.40000,0.40000,2.00000,2.00000,0,N/A,0,N/A,2085,2085,false,true,true,0.00,0.03,0.00,0.00,,prod,prod,49200,uaid-05823,uaid-05823,,nss,,,,,,,,,nss,,,,,,149
wgiftcard-conversion-production,arn:aws:rds:us-east-1:958612202038:db:wgiftcard-conversion-production-us-east-1d,wgiftcard-conversion-production-us-east-1d,FDAWS Gift Solutions - Prod,958612202038,Reader (Failover),1,2025-06-03T21:00:00Z,Aurora MySQL,db.t3.small,t3,aurora,100,694.00,61,79,2,0,1,USD,0.03,22.48,No Action,No Action,db.t3.small,t3,,,0.40000,0.40000,2.00000,2.00000,0,N/A,0,N/A,2085,2085,false,true,true,0.00,0.03,0.00,0.00,,prod,prod,49200,uaid-05823,uaid-05823,,nss,,,,,,,,,nss,,,,,,150
